tournament,year,team,stage,pre_tournament_elo,n_matches_form,win_rate,avg_goal_diff,goals_for_per_match,goals_against_per_match,avg_opponent_elo,stage_order,group,avg_group_elo,max_group_elo,elo_minus_avg_group,group_elo_rank,Champion,Runner-up,Semi-Finalist,Quarter-Finalist,Round of 16,Group Stage,tournament_success_score,predicted_stage_label,true_stage_label,predicted_stage_order,true_macro_label,pred_macro_label
copa américa,2016,Brazil,Round of 16,1942.14,12,0.667,0.667,1.75,1.083,1734.619,4,B,1740.592,1942.14,201.548,1.0,0.38589,0.17392,0.11948,0.26195,0.02261,0.03614,4.530069999999999,Champion,Round of 16,0,Knockouts,Deep Run
copa américa,2016,Argentina,Runner-up,1912.05,12,0.708,1.25,1.833,0.583,1731.043,1,D,1735.855,1912.05,176.195,1.0,0.28007,0.19247,0.14487,0.3011,0.02817,0.05331,4.235199999999999,Runner-up,Runner-up,1,Deep Run,Deep Run
copa américa,2016,Uruguay,Round of 16,1856.91,12,0.667,1.0,1.667,0.667,1718.731,4,C,1701.1,1856.91,155.81,1.0,0.25859,0.19387,0.15636,0.30641,0.03766,0.04712,4.187999999999999,Semi-Finalist,Round of 16,2,Knockouts,Deep Run
copa américa,2016,Chile,Champion,1836.19,12,0.708,0.833,2.167,1.333,1767.723,0,D,1735.855,1912.05,100.335,2.0,0.09501,0.17952,0.18848,0.34191,0.11417,0.08091,3.5565599999999997,Semi-Finalist,Champion,2,Deep Run,Deep Run
copa américa,2016,Colombia,Semi-Finalist,1848.17,12,0.583,0.167,1.0,0.833,1764.312,2,A,1742.5,1848.17,105.67,1.0,0.15553,0.1992,0.11073,0.26781,0.06458,0.20214,3.5068300000000003,Quarter-Finalist,Semi-Finalist,3,Deep Run,Knockouts
copa américa,2016,Mexico,Quarter-Finalist,1804.75,12,0.875,1.333,2.167,0.833,1626.503,3,C,1701.1,1856.91,103.65,2.0,0.09298,0.08382,0.13208,0.37798,0.22338,0.08976,3.17576,Quarter-Finalist,Quarter-Finalist,3,Knockouts,Knockouts
copa américa,2016,Ecuador,Quarter-Finalist,1773.71,12,0.667,0.75,1.917,1.167,1696.536,3,B,1740.592,1942.14,33.118,2.0,0.01642,0.09609,0.18958,0.29261,0.25886,0.14643,2.8792699999999996,Quarter-Finalist,Quarter-Finalist,3,Knockouts,Knockouts
copa américa,2016,Peru,Quarter-Finalist,1690.81,12,0.417,0.0,1.5,1.5,1750.561,3,B,1740.592,1942.14,-49.783,3.0,0.00331,0.08155,0.16149,0.25838,0.28445,0.21081,2.6284199999999998,Quarter-Finalist,Quarter-Finalist,3,Knockouts,Knockouts
copa américa,2016,United States,Semi-Finalist,1725.27,12,0.583,1.0,2.5,1.5,1596.329,2,A,1742.5,1848.17,-17.23,2.0,0.01317,0.05179,0.20457,0.11688,0.40407,0.20952,2.52455,Round of 16,Semi-Finalist,4,Deep Run,Knockouts
copa américa,2016,Venezuela,Quarter-Finalist,1580.27,12,0.125,-1.333,0.917,2.25,1704.57,3,C,1701.1,1856.91,-120.83,3.0,0.00147,0.05354,0.14686,0.13675,0.43916,0.22222,2.37475,Round of 16,Quarter-Finalist,4,Knockouts,Knockouts
copa américa,2016,Paraguay,Round of 16,1693.04,12,0.375,-0.667,1.0,1.667,1789.827,4,A,1742.5,1848.17,-49.46,4.0,0.00697,0.06625,0.0552,0.25107,0.22071,0.3998,2.1883,Round of 16,Round of 16,4,Knockouts,Knockouts
copa américa,2016,Panama,Round of 16,1671.98,12,0.583,0.583,1.333,0.75,1623.929,4,D,1735.855,1912.05,-63.875,3.0,0.00142,0.02532,0.06881,0.19514,0.399,0.31031,2.10409,Round of 16,Round of 16,4,Knockouts,Knockouts
copa américa,2016,Costa Rica,Round of 16,1703.52,12,0.542,0.25,1.25,1.0,1644.333,4,A,1742.5,1848.17,-38.98,3.0,0.00527,0.03327,0.05605,0.17613,0.30309,0.42618,1.98292,Round of 16,Round of 16,4,Knockouts,Knockouts
copa américa,2016,Bolivia,Round of 16,1523.2,12,0.208,-2.0,0.917,2.917,1782.523,4,D,1735.855,1912.05,-212.655,4.0,7e-05,0.01219,0.03728,0.04718,0.72391,0.17937,1.9792200000000002,Round of 16,Round of 16,4,Knockouts,Knockouts
copa américa,2016,Jamaica,Round of 16,1562.47,12,0.542,-0.333,1.0,1.333,1610.596,4,C,1701.1,1856.91,-138.63,4.0,0.00022,0.00703,0.02242,0.09761,0.66881,0.20392,1.9605200000000003,Round of 16,Round of 16,4,Knockouts,Knockouts
copa américa,2016,Haiti,Round of 16,1555.71,12,0.458,0.167,0.917,0.75,1582.382,4,B,1740.592,1942.14,-184.882,4.0,4e-05,0.0047,0.02366,0.07986,0.54774,0.344,1.79744,Round of 16,Round of 16,4,Knockouts,Knockouts
uefa euro,2016,France,Runner-up,1842.57,12,0.75,1.0,2.25,1.25,1688.72,1,A,1679.565,1842.57,163.005,1.0,0.32245,0.15798,0.19008,0.24601,0.06093,0.02254,4.36735,Champion,Runner-up,0,Deep Run,Deep Run
uefa euro,2016,Germany,Semi-Finalist,1823.18,12,0.583,0.917,2.25,1.333,1649.134,2,C,1696.035,1823.18,127.145,1.0,0.26745,0.16116,0.25905,0.19626,0.07028,0.04579,4.221830000000001,Runner-up,Semi-Finalist,1,Deep Run,Deep Run
uefa euro,2016,England,Round of 16,1856.99,12,0.833,1.417,2.25,0.833,1641.335,4,B,1690.195,1856.99,166.795,1.0,0.29313,0.12898,0.17401,0.29403,0.07551,0.03433,4.16716,Semi-Finalist,Round of 16,2,Knockouts,Deep Run
uefa euro,2016,Portugal,Champion,1781.86,12,0.667,1.083,1.583,0.5,1628.383,0,F,1643.978,1781.86,137.882,1.0,0.2353,0.14645,0.17553,0.34226,0.06308,0.03738,4.03649,Semi-Finalist,Champion,2,Deep Run,Deep Run
uefa euro,2016,Spain,Round of 16,1877.71,12,0.833,1.5,1.917,0.417,1623.384,4,D,1748.758,1877.71,128.953,1.0,0.16399,0.10783,0.13591,0.28795,0.1196,0.18471,3.3544899999999997,Quarter-Finalist,Round of 16,3,Knockouts,Knockouts
uefa euro,2016,Belgium,Quarter-Finalist,1786.36,12,0.792,1.0,2.167,1.167,1566.103,3,E,1711.365,1786.36,74.995,1.0,0.11226,0.07016,0.1557,0.16571,0.33751,0.15866,2.9779699999999996,Quarter-Finalist,Quarter-Finalist,3,Knockouts,Knockouts
uefa euro,2016,Poland,Quarter-Finalist,1673.67,12,0.708,1.583,2.583,1.0,1603.09,3,C,1696.035,1823.18,-22.365,3.0,0.00853,0.04399,0.16069,0.21579,0.44626,0.12474,2.57852,Quarter-Finalist,Quarter-Finalist,3,Knockouts,Knockouts
uefa euro,2016,Switzerland,Round of 16,1670.36,12,0.583,0.667,1.917,1.25,1524.153,4,A,1679.565,1842.57,-9.205,2.0,0.0091,0.03743,0.17609,0.18097,0.48633,0.11007,2.5717499999999998,Quarter-Finalist,Round of 16,3,Knockouts,Knockouts
uefa euro,2016,Russia,Group Stage,1674.81,12,0.625,0.917,2.083,1.167,1580.973,5,B,1690.195,1856.99,-15.385,3.0,0.00747,0.03919,0.13838,0.25076,0.44223,0.12197,2.553,Round of 16,Group Stage,4,Group Stage,Knockouts
uefa euro,2016,Slovakia,Round of 16,1689.28,12,0.667,0.583,1.667,1.083,1586.258,4,B,1690.195,1856.99,-0.915,2.0,0.00913,0.04383,0.13261,0.22077,0.46258,0.13108,2.52292,Round of 16,Round of 16,4,Knockouts,Knockouts
uefa euro,2016,Ukraine,Group Stage,1746.48,12,0.833,1.167,1.833,0.667,1534.715,5,C,1696.035,1823.18,50.445,2.0,0.03102,0.03868,0.09257,0.26444,0.40591,0.16738,2.52232,Round of 16,Group Stage,4,Group Stage,Knockouts
uefa euro,2016,Austria,Group Stage,1625.78,12,0.708,1.0,2.0,1.0,1523.38,5,F,1643.978,1781.86,-18.197,2.0,0.00733,0.02977,0.1395,0.16946,0.5815,0.07244,2.49465,Round of 16,Group Stage,4,Group Stage,Knockouts
uefa euro,2016,Italy,Quarter-Finalist,1736.99,12,0.625,0.167,1.333,1.167,1642.647,3,E,1711.365,1786.36,25.625,2.0,0.04076,0.06872,0.08994,0.21803,0.30344,0.27911,2.4880000000000004,Round of 16,Quarter-Finalist,4,Knockouts,Knockouts
uefa euro,2016,Hungary,Round of 16,1607.11,12,0.625,0.417,1.25,0.833,1587.258,4,F,1643.978,1781.86,-36.868,3.0,0.00494,0.03108,0.0756,0.27762,0.48649,0.12427,2.4175500000000003,Round of 16,Round of 16,4,Knockouts,Knockouts
uefa euro,2016,Iceland,Quarter-Finalist,1561.16,12,0.333,-0.25,1.583,1.833,1558.823,3,F,1643.978,1781.86,-82.817,4.0,0.00315,0.02568,0.10409,0.199,0.55728,0.11081,2.38603,Round of 16,Quarter-Finalist,4,Knockouts,Knockouts
uefa euro,2016,Romania,Group Stage,1663.82,12,0.625,0.667,1.417,0.75,1540.766,5,A,1679.565,1842.57,-15.745,3.0,0.00587,0.02738,0.07964,0.28669,0.42767,0.17276,2.37885,Round of 16,Group Stage,4,Group Stage,Knockouts
uefa euro,2016,Croatia,Round of 16,1748.64,12,0.792,2.083,2.583,0.5,1482.011,4,D,1748.758,1877.71,-0.117,2.0,0.00796,0.02375,0.13067,0.13699,0.43896,0.26167,2.23975,Group Stage,Round of 16,5,Knockouts,Group Stage
uefa euro,2016,Republic of Ireland,Round of 16,1663.27,12,0.625,0.583,1.333,0.75,1661.406,4,E,1711.365,1786.36,-48.095,3.0,0.0056,0.03701,0.05761,0.19494,0.35754,0.3473,2.09629,Group Stage,Round of 16,5,Knockouts,Group Stage
uefa euro,2016,Albania,Group Stage,1541.51,12,0.542,0.25,1.417,1.167,1578.717,5,A,1679.565,1842.57,-138.055,4.0,0.00025,0.00845,0.03862,0.11421,0.69344,0.14503,2.0727700000000002,Group Stage,Group Stage,5,Group Stage,Group Stage
uefa euro,2016,Wales,Semi-Finalist,1539.7,12,0.542,0.083,1.0,0.917,1557.129,2,B,1690.195,1856.99,-150.495,4.0,0.00013,0.0054,0.02331,0.10037,0.66857,0.20221,1.96148,Group Stage,Semi-Finalist,5,Deep Run,Group Stage
uefa euro,2016,Sweden,Group Stage,1658.84,12,0.583,0.5,1.5,1.0,1544.578,5,E,1711.365,1786.36,-52.525,4.0,0.00435,0.01434,0.03339,0.1644,0.42248,0.36105,1.93057,Group Stage,Group Stage,5,Group Stage,Group Stage
uefa euro,2016,Northern Ireland,Round of 16,1540.81,12,0.75,0.833,1.417,0.583,1554.583,4,C,1696.035,1823.18,-155.225,4.0,0.0001,0.00329,0.01455,0.06879,0.72984,0.18344,1.9247400000000001,Group Stage,Round of 16,5,Knockouts,Group Stage
uefa euro,2016,Turkey,Group Stage,1728.81,12,0.833,0.917,1.417,0.5,1598.844,5,D,1748.758,1877.71,-19.947,3.0,0.00324,0.01574,0.02915,0.17514,0.40656,0.37017,1.9234499999999999,Group Stage,Group Stage,5,Group Stage,Group Stage
uefa euro,2016,Czech Republic,Group Stage,1639.87,12,0.542,0.5,1.917,1.417,1590.708,5,D,1748.758,1877.71,-108.888,4.0,0.00071,0.01093,0.04355,0.09432,0.54508,0.30541,1.91164,Group Stage,Group Stage,5,Group Stage,Group Stage
african cup of nations,2017,Cameroon,Champion,1684.04,12,0.625,0.417,1.25,0.833,1582.932,0,A,1549.53,1684.04,134.51,1.0,0.26994,0.11794,0.16171,0.35552,0.08296,0.01192,4.10058,Champion,Champion,0,Deep Run,Deep Run
african cup of nations,2017,Ivory Coast,Round of 16,1748.41,12,0.75,0.917,1.333,0.417,1566.076,4,C,1619.195,1748.41,129.215,1.0,0.20555,0.09953,0.1357,0.39008,0.12443,0.04471,3.7375599999999993,Runner-up,Round of 16,1,Knockouts,Deep Run
african cup of nations,2017,Egypt,Runner-up,1703.0,12,0.75,1.083,1.5,0.417,1577.622,1,D,1621.592,1703.0,81.408,1.0,0.1278,0.10246,0.16449,0.32059,0.21179,0.07288,3.3952899999999997,Semi-Finalist,Runner-up,2,Deep Run,Deep Run
african cup of nations,2017,Senegal,Quarter-Finalist,1761.24,12,0.792,1.25,1.75,0.5,1501.476,3,B,1671.082,1761.24,90.158,1.0,0.12286,0.06344,0.14202,0.2583,0.2768,0.13657,3.0875099999999995,Semi-Finalist,Quarter-Finalist,2,Knockouts,Deep Run
african cup of nations,2017,Algeria,Round of 16,1684.29,12,0.708,2.25,3.333,1.083,1487.918,4,B,1671.082,1761.24,13.207,2.0,0.02941,0.04611,0.33152,0.135,0.39261,0.06534,2.98865,Quarter-Finalist,Round of 16,3,Knockouts,Knockouts
african cup of nations,2017,Burkina Faso,Semi-Finalist,1560.89,12,0.583,0.083,1.083,1.0,1551.387,2,A,1549.53,1684.04,11.36,2.0,0.02243,0.05601,0.14196,0.34225,0.40518,0.03217,2.85175,Quarter-Finalist,Semi-Finalist,3,Deep Run,Knockouts
african cup of nations,2017,Gabon,Round of 16,1510.94,12,0.375,-0.333,0.75,1.083,1520.18,4,A,1549.53,1684.04,-38.59,3.0,0.00874,0.039,0.11473,0.35844,0.42648,0.05261,2.68725,Quarter-Finalist,Round of 16,3,Knockouts,Knockouts
african cup of nations,2017,DR Congo,Quarter-Finalist,1610.23,12,0.667,1.083,1.833,0.75,1524.451,3,C,1619.195,1748.41,-8.965,2.0,0.01153,0.04152,0.1686,0.2334,0.47756,0.0674,2.6739,Quarter-Finalist,Quarter-Finalist,3,Knockouts,Knockouts
african cup of nations,2017,Ghana,Semi-Finalist,1648.58,12,0.625,0.417,1.083,0.667,1487.55,2,D,1621.592,1703.0,26.987,2.0,0.0389,0.04042,0.09095,0.29024,0.39958,0.13991,2.60909,Round of 16,Semi-Finalist,4,Deep Run,Knockouts
african cup of nations,2017,Morocco,Quarter-Finalist,1605.81,12,0.667,0.833,1.167,0.333,1543.784,3,C,1619.195,1748.41,-13.385,3.0,0.00825,0.03171,0.07297,0.378,0.39634,0.11273,2.53934,Round of 16,Quarter-Finalist,4,Knockouts,Knockouts
african cup of nations,2017,Mali,Round of 16,1574.22,12,0.583,0.667,1.667,1.0,1511.226,4,D,1621.592,1703.0,-47.372,3.0,0.00734,0.02467,0.09085,0.19229,0.57626,0.10859,2.36877,Round of 16,Round of 16,4,Knockouts,Knockouts
african cup of nations,2017,Tunisia,Quarter-Finalist,1670.39,12,0.708,0.833,1.583,0.75,1509.332,3,B,1671.082,1761.24,-0.692,3.0,0.01407,0.02309,0.05806,0.23577,0.46952,0.1995,2.2779599999999998,Round of 16,Quarter-Finalist,4,Knockouts,Knockouts
african cup of nations,2017,Guinea-Bissau,Round of 16,1442.25,12,0.5,-0.167,1.083,1.25,1494.873,4,A,1549.53,1684.04,-107.28,4.0,0.00092,0.00914,0.04256,0.17214,0.73763,0.0376,2.25074,Round of 16,Round of 16,4,Knockouts,Knockouts
african cup of nations,2017,Uganda,Round of 16,1560.57,12,0.375,-0.583,0.333,0.917,1528.928,4,D,1621.592,1703.0,-61.023,4.0,0.00533,0.01972,0.03422,0.29681,0.39959,0.24433,2.2014,Round of 16,Round of 16,4,Knockouts,Knockouts
african cup of nations,2017,Togo,Round of 16,1512.33,12,0.542,0.417,1.333,0.917,1489.873,4,C,1619.195,1748.41,-106.865,4.0,0.00081,0.00883,0.04232,0.16124,0.68466,0.10213,2.17346,Round of 16,Round of 16,4,Knockouts,Knockouts
african cup of nations,2017,Zimbabwe,Round of 16,1568.41,12,0.708,1.417,1.833,0.417,1494.095,4,B,1671.082,1761.24,-102.672,4.0,0.00082,0.00741,0.03385,0.13047,0.62978,0.19766,2.0260000000000002,Round of 16,Round of 16,4,Knockouts,Knockouts
gold cup,2017,Mexico,Semi-Finalist,1821.03,12,0.667,0.5,1.75,1.25,1707.285,2,C,1562.962,1821.03,258.067,1.0,0.54373,0.11936,0.09312,0.236,0.00698,0.00081,4.954430000000001,Champion,Semi-Finalist,0,Deep Run,Deep Run
gold cup,2017,United States,Champion,1729.0,12,0.667,1.333,2.167,0.833,1628.561,0,B,1590.212,1729.0,138.787,1.0,0.26133,0.15067,0.25613,0.26681,0.05534,0.00972,4.266679999999999,Runner-up,Champion,1,Deep Run,Deep Run
gold cup,2017,Costa Rica,Semi-Finalist,1748.52,12,0.75,1.0,1.917,0.917,1645.84,2,A,1620.64,1748.52,127.88,1.0,0.2345,0.14289,0.19644,0.29865,0.10456,0.02295,4.03523,Semi-Finalist,Semi-Finalist,2,Deep Run,Deep Run
gold cup,2017,Panama,Quarter-Finalist,1672.96,12,0.417,-0.583,0.833,1.417,1717.351,3,B,1590.212,1729.0,82.747,2.0,0.13031,0.18098,0.14846,0.42602,0.08708,0.02715,3.75997,Semi-Finalist,Quarter-Finalist,2,Knockouts,Deep Run
gold cup,2017,Jamaica,Runner-up,1493.32,12,0.25,-1.167,0.5,1.667,1633.863,1,C,1562.962,1821.03,-69.643,2.0,0.00172,0.06037,0.23052,0.27426,0.40921,0.02391,2.89936,Quarter-Finalist,Runner-up,3,Deep Run,Knockouts
gold cup,2017,Honduras,Quarter-Finalist,1622.71,12,0.542,-0.417,1.333,1.75,1594.173,3,A,1620.64,1748.52,2.07,2.0,0.02177,0.05596,0.13811,0.21737,0.50364,0.06315,2.6854,Quarter-Finalist,Quarter-Finalist,3,Knockouts,Knockouts
gold cup,2017,El Salvador,Quarter-Finalist,1468.37,12,0.292,-1.083,1.083,2.167,1565.649,3,C,1562.962,1821.03,-94.593,4.0,0.0008,0.0187,0.10167,0.23911,0.62026,0.01947,2.4823000000000004,Quarter-Finalist,Quarter-Finalist,3,Knockouts,Knockouts
gold cup,2017,Canada,Quarter-Finalist,1570.88,12,0.5,-0.167,1.5,1.667,1591.712,3,A,1620.64,1748.52,-49.76,3.0,0.00618,0.035,0.10925,0.20074,0.57892,0.06991,2.47905,Quarter-Finalist,Quarter-Finalist,3,Knockouts,Knockouts
gold cup,2017,Martinique,Round of 16,1543.87,12,0.583,0.75,1.667,0.917,1465.799,4,B,1590.212,1729.0,-46.343,3.0,0.00427,0.01936,0.10421,0.21813,0.59944,0.05459,2.44712,Round of 16,Round of 16,4,Knockouts,Knockouts
gold cup,2017,Curaçao,Round of 16,1469.13,12,0.667,1.25,2.25,1.0,1455.148,4,C,1562.962,1821.03,-93.832,3.0,0.00031,0.00833,0.12193,0.13126,0.72752,0.01066,2.39071,Round of 16,Round of 16,4,Knockouts,Knockouts
gold cup,2017,French Guiana,Round of 16,1540.45,12,0.625,0.833,2.0,1.167,1501.753,4,A,1620.64,1748.52,-80.19,4.0,0.00172,0.01149,0.06101,0.16388,0.69565,0.06624,2.26099,Round of 16,Round of 16,4,Knockouts,Knockouts
gold cup,2017,Nicaragua,Round of 16,1415.02,12,0.375,0.0,1.25,1.25,1520.571,4,B,1590.212,1729.0,-175.193,4.0,0.00019,0.00782,0.05456,0.10315,0.77239,0.0619,2.17461,Round of 16,Round of 16,4,Knockouts,Knockouts
fifa world cup,2018,Brazil,Quarter-Finalist,2018.08,12,0.792,1.583,1.833,0.25,1760.988,3,E,1797.625,2018.08,220.455,1.0,0.30938,0.18159,0.09808,0.3262,0.01422,0.07053,4.23412,Champion,Quarter-Finalist,0,Knockouts,Deep Run
fifa world cup,2018,Uruguay,Quarter-Finalist,1801.85,12,0.542,0.167,1.25,1.083,1691.714,3,A,1682.552,1801.85,119.297,1.0,0.2363,0.18293,0.15844,0.27856,0.06957,0.07421,4.01524,Runner-up,Quarter-Finalist,1,Knockouts,Deep Run
fifa world cup,2018,Argentina,Round of 16,1884.53,12,0.625,0.583,1.75,1.167,1696.272,4,D,1750.96,1884.53,133.57,1.0,0.24265,0.1674,0.16071,0.23277,0.07058,0.1259,3.9011100000000005,Semi-Finalist,Round of 16,2,Knockouts,Deep Run
fifa world cup,2018,Germany,Group Stage,1865.9,12,0.708,1.333,2.25,0.917,1720.344,5,F,1753.59,1865.9,112.31,1.0,0.17643,0.18776,0.21383,0.21411,0.08204,0.12583,3.78494,Semi-Finalist,Group Stage,2,Group Stage,Deep Run
fifa world cup,2018,Colombia,Round of 16,1839.22,12,0.583,0.75,1.583,0.833,1751.255,4,H,1750.212,1839.22,89.007,1.0,0.13659,0.2086,0.16857,0.21698,0.07076,0.19851,3.52779,Quarter-Finalist,Round of 16,3,Knockouts,Knockouts
fifa world cup,2018,Spain,Round of 16,1925.46,12,0.833,2.25,3.0,0.75,1660.118,4,B,1818.815,1925.46,106.645,1.0,0.1254,0.12039,0.2269,0.1529,0.11462,0.25979,3.20968,Quarter-Finalist,Round of 16,3,Knockouts,Knockouts
fifa world cup,2018,Belgium,Semi-Finalist,1831.44,12,0.917,2.417,3.167,0.75,1626.198,2,G,1760.358,1847.71,71.082,2.0,0.07815,0.08179,0.19046,0.20782,0.25241,0.18938,2.95735,Quarter-Finalist,Semi-Finalist,3,Deep Run,Knockouts
fifa world cup,2018,England,Semi-Finalist,1847.71,12,0.75,0.833,1.5,0.667,1683.873,2,G,1760.358,1847.71,87.352,1.0,0.10114,0.11198,0.10486,0.21842,0.14372,0.31989,2.84877,Quarter-Finalist,Semi-Finalist,3,Deep Run,Knockouts
fifa world cup,2018,Russia,Quarter-Finalist,1621.11,12,0.333,-0.417,1.167,1.583,1799.734,3,A,1682.552,1801.85,-61.443,4.0,0.00705,0.10494,0.10969,0.35286,0.24016,0.1853,2.7299599999999997,Round of 16,Quarter-Finalist,4,Knockouts,Knockouts
fifa world cup,2018,France,Champion,1849.55,12,0.792,1.167,2.083,0.917,1673.53,0,C,1779.798,1849.55,69.752,1.0,0.08182,0.09632,0.12828,0.152,0.19922,0.34235,2.68243,Round of 16,Champion,4,Deep Run,Knockouts
fifa world cup,2018,Egypt,Group Stage,1681.53,12,0.458,-0.25,0.667,0.917,1637.405,5,A,1682.552,1801.85,-1.023,2.0,0.01749,0.07448,0.10413,0.28828,0.25953,0.2561,2.53386,Round of 16,Group Stage,4,Group Stage,Knockouts
fifa world cup,2018,Croatia,Runner-up,1788.86,12,0.583,0.25,1.083,0.833,1712.226,1,D,1750.96,1884.53,37.9,2.0,0.02725,0.09574,0.0922,0.28521,0.15834,0.34126,2.52457,Round of 16,Runner-up,4,Deep Run,Knockouts
fifa world cup,2018,Mexico,Round of 16,1781.17,12,0.625,0.417,1.333,0.917,1683.215,4,F,1753.59,1865.9,27.58,2.0,0.0251,0.07548,0.08991,0.22874,0.21101,0.36977,2.36565,Round of 16,Round of 16,4,Knockouts,Knockouts
fifa world cup,2018,Saudi Arabia,Group Stage,1625.72,12,0.417,-0.5,1.083,1.583,1659.987,5,A,1682.552,1801.85,-56.832,3.0,0.00572,0.04776,0.09177,0.20949,0.43585,0.2094,2.3497700000000004,Round of 16,Group Stage,4,Group Stage,Knockouts
fifa world cup,2018,Peru,Group Stage,1838.07,12,0.833,1.25,1.667,0.417,1684.542,5,C,1779.798,1849.55,58.272,2.0,0.04254,0.06117,0.05525,0.20617,0.1634,0.47148,2.19888,Round of 16,Group Stage,4,Group Stage,Knockouts
fifa world cup,2018,Poland,Group Stage,1713.05,12,0.667,1.0,2.25,1.25,1609.402,5,H,1750.212,1839.22,-37.163,3.0,0.00651,0.02841,0.08073,0.12803,0.44613,0.31019,2.09057,Round of 16,Group Stage,4,Group Stage,Knockouts
fifa world cup,2018,Switzerland,Round of 16,1781.21,12,0.833,1.667,2.083,0.417,1560.16,4,E,1797.625,2018.08,-16.415,2.0,0.00163,0.01879,0.08371,0.14335,0.4192,0.33334,2.04036,Group Stage,Round of 16,5,Knockouts,Group Stage
fifa world cup,2018,Nigeria,Group Stage,1673.84,12,0.5,0.167,1.333,1.167,1674.103,5,D,1750.96,1884.53,-77.12,3.0,0.00181,0.03085,0.06731,0.14295,0.36701,0.39007,1.98729,Group Stage,Group Stage,5,Group Stage,Group Stage
fifa world cup,2018,Senegal,Group Stage,1766.7,12,0.667,0.75,1.25,0.5,1589.13,5,H,1750.212,1839.22,16.487,2.0,0.01607,0.03669,0.05767,0.17686,0.23329,0.47942,1.9871299999999998,Group Stage,Group Stage,5,Group Stage,Group Stage
fifa world cup,2018,Sweden,Quarter-Finalist,1687.06,12,0.5,0.75,1.5,0.75,1659.723,3,F,1753.59,1865.9,-66.53,3.0,0.00268,0.03677,0.07897,0.15981,0.26554,0.45623,1.9825500000000003,Group Stage,Quarter-Finalist,5,Knockouts,Group Stage
fifa world cup,2018,Iceland,Group Stage,1656.61,12,0.5,0.667,2.0,1.333,1603.452,5,D,1750.96,1884.53,-94.35,4.0,0.00122,0.01738,0.06455,0.12747,0.45631,0.33307,1.98052,Group Stage,Group Stage,5,Group Stage,Group Stage
fifa world cup,2018,Japan,Round of 16,1681.88,12,0.417,-0.5,1.333,1.833,1690.556,4,H,1750.212,1839.22,-68.332,4.0,0.00415,0.02906,0.04345,0.14458,0.34719,0.43156,1.9036799999999998,Group Stage,Round of 16,5,Knockouts,Group Stage
fifa world cup,2018,Costa Rica,Group Stage,1716.25,12,0.333,-0.75,0.833,1.583,1718.428,5,E,1797.625,2018.08,-81.375,3.0,0.0008,0.03208,0.06484,0.14281,0.2754,0.48407,1.8878599999999999,Group Stage,Group Stage,5,Group Stage,Group Stage
fifa world cup,2018,Tunisia,Group Stage,1706.79,12,0.583,0.333,1.25,0.917,1700.522,5,G,1760.358,1847.71,-53.568,3.0,0.00362,0.03284,0.04437,0.14415,0.27264,0.50238,1.84351,Group Stage,Group Stage,5,Group Stage,Group Stage
fifa world cup,2018,Serbia,Group Stage,1674.96,12,0.667,1.0,1.833,0.833,1601.643,5,E,1797.625,2018.08,-122.665,4.0,0.00012,0.00629,0.03014,0.0938,0.50291,0.36675,1.8067000000000002,Group Stage,Group Stage,5,Group Stage,Group Stage
fifa world cup,2018,South Korea,Group Stage,1680.23,12,0.542,0.167,1.417,1.25,1591.083,5,F,1753.59,1865.9,-73.36,4.0,0.00167,0.01212,0.02859,0.12272,0.39733,0.43757,1.78537,Group Stage,Group Stage,5,Group Stage,Group Stage
fifa world cup,2018,Portugal,Round of 16,1817.95,12,0.792,1.167,1.917,0.75,1621.227,4,B,1818.815,1925.46,-0.865,2.0,0.00595,0.0227,0.04684,0.09212,0.26739,0.56499,1.7126899999999998,Group Stage,Round of 16,5,Knockouts,Group Stage
fifa world cup,2018,Australia,Group Stage,1730.4,12,0.625,0.333,1.417,1.083,1664.417,5,C,1779.798,1849.55,-49.398,3.0,0.0036,0.02071,0.0313,0.09754,0.28761,0.55924,1.6774299999999998,Group Stage,Group Stage,5,Group Stage,Group Stage
fifa world cup,2018,Panama,Group Stage,1655.49,12,0.417,-0.333,1.083,1.417,1634.761,5,G,1760.358,1847.71,-104.868,4.0,0.00102,0.01208,0.02373,0.08909,0.32916,0.54491,1.63194,Group Stage,Group Stage,5,Group Stage,Group Stage
fifa world cup,2018,Denmark,Round of 16,1701.17,12,0.75,1.333,1.75,0.417,1648.108,4,C,1779.798,1849.55,-78.628,4.0,0.00115,0.01111,0.01961,0.10611,0.2866,0.57541,1.60783,Group Stage,Round of 16,5,Knockouts,Group Stage
fifa world cup,2018,Morocco,Group Stage,1735.66,12,0.75,1.417,2.0,0.583,1645.881,5,B,1818.815,1925.46,-83.155,4.0,0.00063,0.0087,0.01972,0.08174,0.27551,0.61369,1.5360899999999997,Group Stage,Group Stage,5,Group Stage,Group Stage
fifa world cup,2018,Iran,Group Stage,1796.19,12,0.708,0.75,1.417,0.667,1619.562,5,B,1818.815,1925.46,-22.625,3.0,0.00267,0.01241,0.01972,0.09084,0.19717,0.67719,1.501,Group Stage,Group Stage,5,Group Stage,Group Stage
afc asian cup,2019,Iran,Semi-Finalist,1809.5,12,0.708,0.417,1.083,0.667,1643.202,2,D,1582.54,1809.5,226.96,1.0,0.4156,0.10429,0.07667,0.38082,0.01813,0.0045,4.504950000000001,Champion,Semi-Finalist,0,Deep Run,Deep Run
afc asian cup,2019,South Korea,Quarter-Finalist,1702.74,12,0.542,0.417,1.167,0.75,1713.971,3,C,1552.022,1702.74,150.717,1.0,0.27603,0.20181,0.15799,0.33357,0.02472,0.00588,4.35322,Runner-up,Quarter-Finalist,1,Knockouts,Deep Run
afc asian cup,2019,Japan,Runner-up,1713.98,12,0.583,0.667,2.083,1.417,1714.446,1,F,1605.098,1713.98,108.882,1.0,0.23334,0.2068,0.27411,0.20651,0.06666,0.01257,4.2959000000000005,Semi-Finalist,Runner-up,2,Deep Run,Deep Run
afc asian cup,2019,Australia,Quarter-Finalist,1730.7,12,0.625,1.083,2.083,1.0,1662.704,3,B,1610.61,1730.7,120.09,1.0,0.2344,0.17529,0.26449,0.24546,0.0647,0.01565,4.22224,Semi-Finalist,Quarter-Finalist,2,Knockouts,Deep Run
afc asian cup,2019,Saudi Arabia,Round of 16,1619.78,12,0.333,-0.917,0.75,1.667,1693.49,4,E,1584.812,1619.78,34.967,1.0,0.15353,0.20484,0.20774,0.21748,0.16186,0.05455,3.8070500000000003,Quarter-Finalist,Round of 16,3,Knockouts,Knockouts
afc asian cup,2019,United Arab Emirates,Semi-Finalist,1573.77,12,0.417,-0.167,0.583,0.75,1491.419,2,A,1527.888,1573.77,45.882,1.0,0.13645,0.09311,0.17954,0.31201,0.22936,0.04953,3.4466900000000003,Quarter-Finalist,Semi-Finalist,3,Deep Run,Knockouts
afc asian cup,2019,Uzbekistan,Round of 16,1621.74,12,0.333,-0.667,0.5,1.167,1693.287,4,F,1605.098,1713.98,16.642,2.0,0.04539,0.15586,0.16007,0.39527,0.16151,0.08189,3.28264,Quarter-Finalist,Round of 16,3,Knockouts,Knockouts
afc asian cup,2019,Bahrain,Round of 16,1546.19,12,0.583,1.167,1.75,0.583,1527.624,4,A,1527.888,1573.77,18.303,2.0,0.06559,0.08159,0.22649,0.31753,0.27873,0.03007,3.2475699999999996,Quarter-Finalist,Round of 16,3,Knockouts,Knockouts
afc asian cup,2019,Syria,Group Stage,1661.31,12,0.5,-0.083,1.083,1.167,1565.241,5,B,1610.61,1730.7,50.7,2.0,0.07205,0.08365,0.14862,0.37012,0.25256,0.07299,3.1334999999999997,Round of 16,Group Stage,4,Group Stage,Knockouts
afc asian cup,2019,Iraq,Round of 16,1623.88,12,0.583,0.25,1.333,1.083,1603.93,4,D,1582.54,1809.5,41.34,2.0,0.01886,0.07743,0.2003,0.43229,0.25022,0.02089,3.11971,Round of 16,Round of 16,4,Knockouts,Knockouts
afc asian cup,2019,China PR,Quarter-Finalist,1556.19,12,0.458,-0.5,0.833,1.333,1548.76,3,C,1552.022,1702.74,4.168,2.0,0.02036,0.05846,0.1536,0.32975,0.4036,0.03422,2.85953,Round of 16,Quarter-Finalist,4,Knockouts,Knockouts
afc asian cup,2019,North Korea,Group Stage,1591.59,12,0.542,0.417,1.5,1.083,1492.594,5,E,1584.812,1619.78,6.777,2.0,0.05457,0.05138,0.14616,0.2212,0.44347,0.08322,2.80272,Round of 16,Group Stage,4,Group Stage,Knockouts
afc asian cup,2019,Qatar,Champion,1580.42,12,0.667,0.5,1.667,1.167,1631.868,0,E,1584.812,1619.78,-4.392,3.0,0.03901,0.0632,0.09934,0.29867,0.4357,0.06407,2.7789,Round of 16,Champion,4,Deep Run,Knockouts
afc asian cup,2019,Thailand,Round of 16,1526.99,12,0.583,0.75,1.75,1.0,1452.817,4,A,1527.888,1573.77,-0.898,3.0,0.03968,0.03396,0.12004,0.28517,0.48504,0.03611,2.74974,Round of 16,Round of 16,4,Knockouts,Knockouts
afc asian cup,2019,Oman,Round of 16,1615.94,12,0.667,0.083,0.833,0.75,1548.162,4,F,1605.098,1713.98,10.842,3.0,0.01813,0.03098,0.04973,0.37998,0.41928,0.10191,2.5430099999999998,Round of 16,Round of 16,4,Knockouts,Knockouts
afc asian cup,2019,India,Group Stage,1464.6,12,0.583,1.0,1.75,0.75,1434.097,5,A,1527.888,1573.77,-63.288,4.0,0.007,0.01513,0.06911,0.23946,0.62492,0.04438,2.4066899999999998,Round of 16,Group Stage,4,Group Stage,Knockouts
afc asian cup,2019,Kyrgyzstan,Round of 16,1518.8,12,0.708,0.5,1.583,1.083,1488.533,4,C,1552.022,1702.74,-33.223,3.0,0.0041,0.01537,0.07014,0.21355,0.67318,0.02365,2.39267,Group Stage,Round of 16,5,Knockouts,Group Stage
afc asian cup,2019,Lebanon,Group Stage,1547.46,12,0.625,0.417,1.167,0.75,1523.895,5,E,1584.812,1619.78,-37.352,4.0,0.01219,0.02059,0.03879,0.30047,0.50937,0.11859,2.3699900000000005,Group Stage,Group Stage,5,Group Stage,Group Stage
afc asian cup,2019,Vietnam,Quarter-Finalist,1559.37,12,0.792,1.083,1.75,0.667,1401.072,3,D,1582.54,1809.5,-23.17,3.0,0.00167,0.00797,0.06175,0.21659,0.68711,0.02492,2.3457799999999995,Group Stage,Quarter-Finalist,5,Knockouts,Group Stage
afc asian cup,2019,Palestine,Group Stage,1533.1,12,0.333,-0.667,0.667,1.333,1532.743,5,B,1610.61,1730.7,-77.51,3.0,0.0035,0.02619,0.08201,0.20994,0.54786,0.1305,2.33603,Group Stage,Group Stage,5,Group Stage,Group Stage
afc asian cup,2019,Jordan,Round of 16,1517.33,12,0.458,0.0,0.833,0.833,1549.352,4,B,1610.61,1730.7,-93.28,4.0,0.00168,0.01756,0.04851,0.26392,0.53227,0.13607,2.2842900000000004,Group Stage,Round of 16,5,Knockouts,Group Stage
afc asian cup,2019,Philippines,Group Stage,1430.36,12,0.5,-0.083,1.333,1.417,1442.745,5,C,1552.022,1702.74,-121.663,4.0,0.00046,0.00515,0.03813,0.11147,0.81713,0.02765,2.17735,Group Stage,Group Stage,5,Group Stage,Group Stage
afc asian cup,2019,Turkmenistan,Group Stage,1468.73,12,0.458,-0.417,1.083,1.5,1453.602,5,F,1605.098,1713.98,-136.368,4.0,0.00041,0.0042,0.02431,0.07887,0.815,0.07721,2.06452,Group Stage,Group Stage,5,Group Stage,Group Stage
afc asian cup,2019,Yemen,Group Stage,1337.41,12,0.333,-0.833,0.583,1.417,1488.768,5,D,1582.54,1809.5,-245.13,4.0,1e-05,0.00168,0.01977,0.04354,0.90382,0.03118,2.05698,Group Stage,Group Stage,5,Group Stage,Group Stage
african cup of nations,2019,Senegal,Runner-up,1786.55,12,0.75,0.833,1.583,0.75,1591.434,1,C,1600.228,1786.55,186.322,1.0,0.35239,0.10219,0.12693,0.35709,0.05086,0.01054,4.31654,Champion,Runner-up,0,Deep Run,Deep Run
african cup of nations,2019,Tunisia,Semi-Finalist,1715.91,12,0.667,0.583,1.75,1.167,1587.732,2,E,1569.02,1715.91,146.89,1.0,0.31635,0.1144,0.18729,0.28908,0.08364,0.00925,4.26303,Runner-up,Semi-Finalist,1,Deep Run,Deep Run
african cup of nations,2019,Nigeria,Semi-Finalist,1684.2,12,0.708,1.0,1.667,0.667,1555.201,2,B,1541.538,1684.2,142.662,1.0,0.26722,0.10437,0.18596,0.34972,0.08437,0.00835,4.09526,Semi-Finalist,Semi-Finalist,2,Deep Run,Deep Run
african cup of nations,2019,Morocco,Round of 16,1669.25,12,0.458,0.167,1.083,0.917,1603.432,4,D,1594.895,1669.25,74.355,1.0,0.17777,0.15201,0.21194,0.28691,0.12074,0.05063,3.8272700000000004,Semi-Finalist,Round of 16,2,Knockouts,Deep Run
african cup of nations,2019,Ghana,Round of 16,1677.6,12,0.708,1.083,1.667,0.583,1567.488,4,F,1578.75,1677.6,98.85,1.0,0.17622,0.11215,0.20619,0.32443,0.15397,0.02704,3.7510999999999997,Quarter-Finalist,Round of 16,3,Knockouts,Knockouts
african cup of nations,2019,Egypt,Round of 16,1670.06,12,0.542,0.583,1.833,1.25,1583.588,4,A,1609.43,1670.06,60.63,1.0,0.15512,0.12565,0.27592,0.20045,0.19643,0.04643,3.70329,Quarter-Finalist,Round of 16,3,Knockouts,Knockouts
african cup of nations,2019,Cameroon,Round of 16,1648.97,12,0.583,0.417,1.25,0.833,1558.233,4,F,1578.75,1677.6,70.22,2.0,0.11581,0.08748,0.14228,0.41127,0.19815,0.045,3.37649,Quarter-Finalist,Round of 16,3,Knockouts,Knockouts
african cup of nations,2019,Guinea,Round of 16,1572.64,12,0.375,-0.583,0.917,1.5,1532.137,4,B,1541.538,1684.2,31.102,2.0,0.05033,0.07724,0.19562,0.36117,0.28823,0.0274,3.15803,Quarter-Finalist,Round of 16,3,Knockouts,Knockouts
african cup of nations,2019,Ivory Coast,Quarter-Finalist,1652.83,12,0.708,1.0,1.833,0.833,1476.897,3,D,1594.895,1669.25,57.935,2.0,0.09348,0.05003,0.1386,0.29363,0.36514,0.05912,3.03572,Round of 16,Quarter-Finalist,4,Knockouts,Knockouts
african cup of nations,2019,Mali,Round of 16,1587.26,12,0.542,0.417,1.083,0.667,1546.988,4,E,1569.02,1715.91,18.24,2.0,0.02328,0.06686,0.16906,0.4041,0.29321,0.04349,2.9924299999999997,Round of 16,Round of 16,4,Knockouts,Knockouts
african cup of nations,2019,Algeria,Champion,1625.54,12,0.542,0.083,1.333,1.25,1567.548,0,C,1600.228,1786.55,25.312,2.0,0.02099,0.06538,0.18781,0.34421,0.34238,0.03921,2.9606800000000004,Round of 16,Champion,4,Deep Run,Knockouts
african cup of nations,2019,DR Congo,Round of 16,1604.88,12,0.542,0.083,1.167,1.083,1552.092,4,A,1609.43,1670.06,-4.55,2.0,0.03095,0.05497,0.12026,0.2361,0.44425,0.11348,2.65187,Round of 16,Round of 16,4,Knockouts,Knockouts
african cup of nations,2019,Burundi,Group Stage,1474.42,12,0.458,0.25,1.333,1.083,1505.623,5,B,1541.538,1684.2,-67.118,3.0,0.00353,0.02692,0.13302,0.24675,0.55794,0.03184,2.57583,Round of 16,Group Stage,4,Group Stage,Knockouts
african cup of nations,2019,South Africa,Quarter-Finalist,1583.13,12,0.667,1.083,1.667,0.583,1499.693,3,D,1594.895,1669.25,-11.765,3.0,0.01709,0.03161,0.09422,0.29814,0.47271,0.08623,2.56354,Round of 16,Quarter-Finalist,4,Knockouts,Knockouts
african cup of nations,2019,Benin,Quarter-Finalist,1560.91,12,0.708,0.333,1.167,0.833,1501.658,3,F,1578.75,1677.6,-17.84,3.0,0.00915,0.01893,0.04977,0.25811,0.60045,0.06359,2.38745,Round of 16,Quarter-Finalist,4,Knockouts,Knockouts
african cup of nations,2019,Zimbabwe,Group Stage,1585.55,12,0.625,0.5,1.25,0.75,1498.793,5,A,1609.43,1670.06,-23.88,3.0,0.01333,0.02422,0.06105,0.24506,0.52391,0.13243,2.3607099999999996,Round of 16,Group Stage,4,Group Stage,Knockouts
african cup of nations,2019,Mauritania,Group Stage,1483.97,12,0.458,-0.25,1.167,1.417,1507.695,5,E,1569.02,1715.91,-85.05,4.0,0.00179,0.01365,0.05775,0.21669,0.66386,0.04626,2.33404,Group Stage,Group Stage,5,Group Stage,Group Stage
african cup of nations,2019,Madagascar,Quarter-Finalist,1434.89,12,0.375,-0.5,0.833,1.333,1496.108,3,B,1541.538,1684.2,-106.648,4.0,0.00122,0.01285,0.05677,0.21778,0.66916,0.04222,2.3325299999999998,Group Stage,Quarter-Finalist,5,Knockouts,Group Stage
african cup of nations,2019,Kenya,Group Stage,1528.82,12,0.667,0.5,1.167,0.667,1504.862,5,C,1600.228,1786.55,-71.408,3.0,0.00096,0.01193,0.05589,0.20399,0.67187,0.05536,2.3000399999999996,Group Stage,Group Stage,5,Group Stage,Group Stage
african cup of nations,2019,Tanzania,Group Stage,1460.0,12,0.333,-0.333,0.917,1.25,1545.828,5,C,1600.228,1786.55,-140.227,4.0,0.00036,0.01335,0.06847,0.19135,0.65228,0.07419,2.2955900000000002,Group Stage,Group Stage,5,Group Stage,Group Stage
african cup of nations,2019,Uganda,Round of 16,1577.23,12,0.542,0.167,0.75,0.583,1492.797,4,A,1609.43,1670.06,-32.2,4.0,0.01003,0.0179,0.03249,0.33105,0.41292,0.1956,2.2942299999999998,Group Stage,Round of 16,5,Knockouts,Group Stage
african cup of nations,2019,Angola,Group Stage,1488.94,12,0.667,0.583,1.25,0.667,1481.805,5,E,1569.02,1715.91,-80.08,3.0,0.00114,0.01066,0.05413,0.17377,0.71776,0.04254,2.2760299999999996,Group Stage,Group Stage,5,Group Stage,Group Stage
african cup of nations,2019,Guinea-Bissau,Group Stage,1427.52,12,0.333,-0.667,0.75,1.417,1509.741,5,F,1578.75,1677.6,-151.23,4.0,0.00053,0.00863,0.03857,0.1192,0.74869,0.08438,2.13997,Group Stage,Group Stage,5,Group Stage,Group Stage
african cup of nations,2019,Namibia,Group Stage,1474.37,12,0.542,-0.083,1.167,1.25,1458.366,5,D,1594.895,1669.25,-120.525,4.0,0.00078,0.0049,0.02294,0.09248,0.79685,0.08206,2.07414,Group Stage,Group Stage,5,Group Stage,Group Stage
copa américa,2019,Brazil,Champion,2024.57,12,0.875,2.0,2.333,0.333,1700.728,0,A,1759.22,2024.57,265.35,1.0,0.43889,0.12938,0.10095,0.30314,0.01,0.01764,4.6311,Champion,Champion,0,Deep Run,Deep Run
copa américa,2019,Colombia,Quarter-Finalist,1882.72,12,0.75,1.167,1.917,0.75,1729.01,3,B,1769.178,1882.72,113.543,1.0,0.15443,0.16948,0.15242,0.23837,0.08946,0.19586,3.4735500000000004,Runner-up,Quarter-Finalist,1,Knockouts,Deep Run
copa américa,2019,Argentina,Semi-Finalist,1854.83,12,0.625,0.833,1.917,1.083,1722.067,2,B,1769.178,1882.72,85.652,2.0,0.10784,0.14338,0.13873,0.26579,0.10359,0.24066,3.1640700000000006,Semi-Finalist,Semi-Finalist,2,Deep Run,Deep Run
copa américa,2019,Uruguay,Quarter-Finalist,1801.89,12,0.583,0.75,1.75,1.0,1747.269,3,C,1759.665,1801.89,42.225,1.0,0.07738,0.168,0.16924,0.14658,0.12331,0.31548,2.98308,Semi-Finalist,Quarter-Finalist,2,Knockouts,Deep Run
copa américa,2019,Peru,Runner-up,1739.54,12,0.375,-0.333,1.0,1.333,1739.157,1,A,1759.22,2024.57,-19.68,2.0,0.00335,0.09875,0.19369,0.27891,0.20729,0.21802,2.75794,Quarter-Finalist,Runner-up,3,Deep Run,Knockouts
copa américa,2019,Venezuela,Quarter-Finalist,1709.13,12,0.458,0.167,1.5,1.333,1719.236,3,A,1759.22,2024.57,-50.09,3.0,0.00149,0.05777,0.15304,0.27339,0.30769,0.20661,2.5521100000000003,Quarter-Finalist,Quarter-Finalist,3,Knockouts,Knockouts
copa américa,2019,Chile,Semi-Finalist,1785.37,12,0.5,-0.083,1.333,1.417,1692.779,2,C,1759.665,1801.89,25.705,2.0,0.05401,0.08337,0.08156,0.14976,0.17294,0.45836,2.32067,Quarter-Finalist,Semi-Finalist,3,Deep Run,Knockouts
copa américa,2019,Qatar,Round of 16,1700.06,12,0.75,1.417,1.917,0.5,1664.995,4,B,1769.178,1882.72,-69.118,3.0,0.00149,0.02278,0.05388,0.1308,0.37412,0.41693,1.8959300000000001,Quarter-Finalist,Round of 16,3,Knockouts,Knockouts
copa américa,2019,Bolivia,Round of 16,1563.64,12,0.292,-0.75,0.75,1.5,1655.663,4,A,1759.22,2024.57,-195.58,4.0,3e-05,0.00754,0.03722,0.0869,0.56492,0.3034,1.8807,Round of 16,Round of 16,4,Knockouts,Knockouts
copa américa,2019,Paraguay,Quarter-Finalist,1639.1,12,0.333,-0.25,1.25,1.5,1714.768,3,B,1769.178,1882.72,-130.078,4.0,0.00065,0.02214,0.0451,0.1028,0.30832,0.52099,1.7410299999999999,Round of 16,Quarter-Finalist,4,Knockouts,Knockouts
copa américa,2019,Japan,Round of 16,1741.28,12,0.792,1.0,1.583,0.583,1617.71,4,C,1759.665,1801.89,-18.385,3.0,0.0074,0.01849,0.026,0.12453,0.30082,0.52276,1.7388399999999997,Round of 16,Round of 16,4,Knockouts,Knockouts
copa américa,2019,Ecuador,Round of 16,1710.12,12,0.458,0.083,1.333,1.25,1678.797,4,C,1759.665,1801.89,-49.545,4.0,0.00692,0.02822,0.03231,0.14131,0.20372,0.58753,1.73076,Round of 16,Round of 16,4,Knockouts,Knockouts
gold cup,2019,Mexico,Champion,1780.05,12,0.417,-0.5,1.417,1.917,1774.182,0,A,1614.752,1780.05,165.297,1.0,0.40159,0.22478,0.15741,0.19064,0.01941,0.00616,4.77998,Champion,Champion,0,Deep Run,Deep Run
gold cup,2019,Costa Rica,Quarter-Finalist,1680.62,12,0.292,-0.917,1.0,1.917,1743.618,3,B,1539.215,1680.62,141.405,1.0,0.37285,0.22691,0.17329,0.20273,0.02071,0.00352,4.71794,Runner-up,Quarter-Finalist,1,Knockouts,Deep Run
gold cup,2019,United States,Runner-up,1685.86,12,0.417,-0.417,0.917,1.333,1759.255,1,D,1558.175,1685.86,127.685,1.0,0.2797,0.24636,0.16219,0.27457,0.02954,0.00762,4.4491700000000005,Semi-Finalist,Runner-up,2,Deep Run,Deep Run
gold cup,2019,Honduras,Round of 16,1615.84,12,0.375,-1.083,0.75,1.833,1716.179,4,C,1571.87,1615.84,43.97,1.0,0.17051,0.21017,0.19191,0.22319,0.16667,0.03755,3.88201,Semi-Finalist,Round of 16,2,Knockouts,Deep Run
gold cup,2019,Panama,Quarter-Finalist,1581.99,12,0.125,-1.833,0.5,2.333,1744.93,3,D,1558.175,1685.86,23.815,2.0,0.07686,0.23002,0.23294,0.31378,0.12374,0.02267,3.7545100000000007,Quarter-Finalist,Quarter-Finalist,3,Knockouts,Knockouts
gold cup,2019,Haiti,Semi-Finalist,1587.46,12,0.625,1.25,2.75,1.5,1564.815,2,B,1539.215,1680.62,48.245,2.0,0.05751,0.08436,0.38642,0.23295,0.23207,0.0067,3.4822299999999995,Quarter-Finalist,Semi-Finalist,3,Deep Run,Knockouts
gold cup,2019,Jamaica,Semi-Finalist,1602.41,12,0.667,1.25,2.167,0.917,1489.934,2,C,1571.87,1615.84,30.54,2.0,0.07846,0.05732,0.19732,0.23695,0.38701,0.04295,3.0744599999999997,Quarter-Finalist,Semi-Finalist,3,Deep Run,Knockouts
gold cup,2019,Canada,Quarter-Finalist,1619.3,12,0.75,1.75,2.417,0.667,1509.474,3,A,1614.752,1780.05,4.547,2.0,0.01032,0.04007,0.23215,0.23666,0.44459,0.03622,2.82625,Quarter-Finalist,Quarter-Finalist,3,Knockouts,Knockouts
gold cup,2019,Trinidad and Tobago,Round of 16,1501.65,12,0.417,-0.167,0.75,0.917,1614.173,4,D,1558.175,1685.86,-56.525,3.0,0.00593,0.05459,0.1187,0.3756,0.38892,0.05626,2.74423,Round of 16,Round of 16,4,Knockouts,Knockouts
gold cup,2019,El Salvador,Round of 16,1582.27,12,0.75,0.5,1.333,0.833,1597.106,4,C,1571.87,1615.84,10.4,3.0,0.03706,0.04509,0.06282,0.34896,0.44285,0.06323,2.6949,Round of 16,Round of 16,4,Knockouts,Knockouts
gold cup,2019,Bermuda,Round of 16,1476.81,12,0.458,0.25,2.167,1.917,1439.48,4,B,1539.215,1680.62,-62.405,3.0,0.00402,0.01614,0.15564,0.12203,0.68781,0.01436,2.48345,Round of 16,Round of 16,4,Knockouts,Knockouts
gold cup,2019,Guyana,Round of 16,1463.2,12,0.417,0.917,2.25,1.333,1426.063,4,D,1558.175,1685.86,-94.975,4.0,0.00214,0.01422,0.14217,0.16794,0.64259,0.03094,2.47256,Round of 16,Round of 16,4,Knockouts,Knockouts
gold cup,2019,Martinique,Round of 16,1577.96,12,0.625,0.833,1.833,1.0,1480.269,4,A,1614.752,1780.05,-36.793,3.0,0.00391,0.01933,0.10652,0.21832,0.59565,0.05627,2.4487200000000002,Round of 16,Round of 16,4,Knockouts,Knockouts
gold cup,2019,Curaçao,Quarter-Finalist,1486.96,12,0.625,1.5,2.5,1.0,1506.158,3,C,1571.87,1615.84,-84.91,4.0,0.00453,0.01893,0.10277,0.16862,0.65818,0.04698,2.40211,Round of 16,Quarter-Finalist,4,Knockouts,Knockouts
gold cup,2019,Nicaragua,Round of 16,1411.97,12,0.417,-0.25,1.5,1.75,1504.206,4,B,1539.215,1680.62,-127.245,4.0,0.0007,0.00966,0.0651,0.12405,0.77874,0.02175,2.26428,Round of 16,Round of 16,4,Knockouts,Knockouts
gold cup,2019,Cuba,Round of 16,1481.7,12,0.5,1.0,2.167,1.167,1459.214,4,A,1614.752,1780.05,-133.052,4.0,0.00037,0.00766,0.08414,0.11115,0.74707,0.04961,2.25428,Round of 16,Round of 16,4,Knockouts,Knockouts
copa américa,2021,Bolivia,Round of 16,1555.83,12,0.25,-1.083,1.333,2.417,1751.129,4,G,1555.83,1555.83,0.0,1.0,0.12688,0.24428,0.31766,0.1192,0.16955,0.02243,3.9724500000000003,Champion,Round of 16,0,Knockouts,Deep Run
copa américa,2021,Peru,Semi-Finalist,1733.7,12,0.25,-1.0,0.75,1.75,1841.923,2,H,1733.7,1733.7,0.0,1.0,0.06887,0.25035,0.14222,0.11077,0.09159,0.3362,3.0855400000000004,Runner-up,Semi-Finalist,1,Deep Run,Deep Run
copa américa,2021,Colombia,Semi-Finalist,1867.17,12,0.542,-0.25,1.25,1.5,1781.935,2,C,1791.3,1867.17,75.87,1.0,0.11506,0.16494,0.10464,0.14995,0.09776,0.36764,2.9466300000000003,Semi-Finalist,Semi-Finalist,2,Deep Run,Deep Run
copa américa,2021,Venezuela,Round of 16,1717.11,12,0.5,0.167,1.333,1.167,1726.377,4,B,1717.11,1717.11,0.0,1.0,0.05309,0.14009,0.15003,0.12616,0.19715,0.33347,2.7253600000000002,Semi-Finalist,Round of 16,2,Knockouts,Deep Run
copa américa,2021,Paraguay,Quarter-Finalist,1698.31,12,0.5,-0.083,1.0,1.083,1713.383,3,F,1698.31,1698.31,0.0,1.0,0.05241,0.12886,0.12476,0.14442,0.21725,0.3323,2.65786,Quarter-Finalist,Quarter-Finalist,3,Knockouts,Knockouts
copa américa,2021,Uruguay,Quarter-Finalist,1836.83,12,0.625,0.25,1.333,1.083,1757.755,3,E,1802.87,1836.83,33.96,1.0,0.04242,0.09235,0.07071,0.09788,0.12626,0.57037,2.11564,Quarter-Finalist,Quarter-Finalist,3,Knockouts,Knockouts
copa américa,2021,Ecuador,Quarter-Finalist,1715.43,12,0.583,0.5,2.0,1.5,1740.828,3,C,1791.3,1867.17,-75.87,2.0,0.00297,0.04496,0.09834,0.06834,0.36433,0.42106,1.9907199999999998,Quarter-Finalist,Quarter-Finalist,3,Knockouts,Knockouts
copa américa,2021,Chile,Quarter-Finalist,1768.91,12,0.458,0.0,1.25,1.25,1745.113,3,E,1802.87,1836.83,-33.96,2.0,0.00912,0.05138,0.05301,0.07393,0.13728,0.67527,1.6952800000000001,Quarter-Finalist,Quarter-Finalist,3,Knockouts,Knockouts
copa américa,2021,Argentina,Champion,1898.79,12,0.75,1.167,2.0,0.833,1772.271,0,D,1898.79,1898.79,0.0,1.0,0.00778,0.02829,0.02704,0.02419,0.07051,0.8422,1.35208,Round of 16,Champion,4,Deep Run,Knockouts
copa américa,2021,Brazil,Runner-up,1983.14,12,0.708,1.25,1.917,0.667,1756.448,1,A,1983.14,1983.14,0.0,1.0,0.00203,0.00756,0.00685,0.00651,0.01883,0.95822,1.09279,Round of 16,Runner-up,4,Deep Run,Knockouts
gold cup,2021,Mexico,Runner-up,1841.78,12,0.708,0.917,1.667,0.75,1687.077,1,A,1626.54,1841.78,215.24,1.0,0.39858,0.14229,0.1173,0.31809,0.01734,0.0064,4.56748,Champion,Runner-up,0,Deep Run,Deep Run
gold cup,2021,United States,Champion,1763.59,12,0.875,2.583,3.25,0.667,1625.06,0,B,1648.617,1763.59,114.973,1.0,0.16978,0.13367,0.36707,0.20335,0.10734,0.01879,3.9988300000000003,Runner-up,Champion,1,Deep Run,Deep Run
gold cup,2021,Qatar,Semi-Finalist,1676.12,12,0.667,0.5,1.583,1.083,1533.253,2,D,1569.408,1676.12,106.712,1.0,0.22189,0.09135,0.18782,0.28642,0.19049,0.02204,3.80165,Semi-Finalist,Semi-Finalist,2,Deep Run,Deep Run
gold cup,2021,Jamaica,Quarter-Finalist,1644.66,12,0.667,1.167,2.25,1.083,1529.86,3,C,1572.502,1644.66,72.158,1.0,0.15401,0.09377,0.2966,0.20298,0.23087,0.02176,3.67175,Semi-Finalist,Quarter-Finalist,2,Knockouts,Deep Run
gold cup,2021,Costa Rica,Quarter-Finalist,1606.5,12,0.292,-0.667,0.583,1.25,1661.377,3,C,1572.502,1644.66,33.997,2.0,0.10328,0.16587,0.16818,0.37639,0.13027,0.056,3.5674599999999996,Quarter-Finalist,Quarter-Finalist,3,Knockouts,Knockouts
gold cup,2021,Panama,Round of 16,1617.23,12,0.667,1.083,2.083,1.0,1552.467,4,D,1569.408,1676.12,47.822,2.0,0.06799,0.0787,0.22838,0.31201,0.28791,0.02501,3.2518200000000004,Quarter-Finalist,Round of 16,3,Knockouts,Knockouts
gold cup,2021,Canada,Semi-Finalist,1682.34,12,0.833,2.917,3.583,0.667,1497.207,2,B,1648.617,1763.59,33.723,2.0,0.03144,0.05134,0.37244,0.17948,0.32914,0.03616,3.16798,Quarter-Finalist,Semi-Finalist,3,Deep Run,Knockouts
gold cup,2021,Honduras,Quarter-Finalist,1604.05,12,0.542,0.417,1.333,0.917,1584.697,3,D,1569.408,1676.12,34.642,3.0,0.05316,0.07426,0.1243,0.47851,0.22716,0.04261,3.11992,Quarter-Finalist,Quarter-Finalist,3,Knockouts,Knockouts
gold cup,2021,Guatemala,Round of 16,1594.42,12,0.833,2.417,2.583,0.167,1437.628,4,A,1626.54,1841.78,-32.12,2.0,0.0017,0.01688,0.19216,0.1785,0.57566,0.0351,2.58516,Round of 16,Round of 16,4,Knockouts,Knockouts
gold cup,2021,Haiti,Round of 16,1591.97,12,0.542,1.167,2.25,1.083,1514.769,4,B,1648.617,1763.59,-56.647,3.0,0.00506,0.02908,0.16465,0.17333,0.52835,0.09954,2.5105900000000005,Round of 16,Round of 16,4,Knockouts,Knockouts
gold cup,2021,Suriname,Round of 16,1533.65,12,0.708,1.917,2.833,0.917,1415.09,4,C,1572.502,1644.66,-38.852,3.0,0.00874,0.01732,0.15077,0.14384,0.64783,0.0315,2.5007999999999995,Round of 16,Round of 16,4,Knockouts,Knockouts
gold cup,2021,El Salvador,Quarter-Finalist,1594.36,12,0.667,1.083,1.833,0.75,1478.654,3,A,1626.54,1841.78,-32.18,3.0,0.00237,0.01793,0.10985,0.25915,0.5578,0.0529,2.4892200000000004,Round of 16,Quarter-Finalist,4,Knockouts,Knockouts
gold cup,2021,Guadeloupe,Round of 16,1505.2,12,0.583,1.083,2.167,1.083,1436.395,4,C,1572.502,1644.66,-67.303,4.0,0.00491,0.0132,0.07966,0.17827,0.67321,0.05074,2.3460699999999997,Round of 16,Round of 16,4,Knockouts,Knockouts
gold cup,2021,Trinidad and Tobago,Round of 16,1475.6,12,0.458,0.583,2.333,1.75,1513.448,4,A,1626.54,1841.78,-150.94,4.0,0.00016,0.00736,0.09608,0.08295,0.78382,0.02963,2.2682,Round of 16,Round of 16,4,Knockouts,Knockouts
gold cup,2021,Martinique,Round of 16,1556.57,12,0.625,0.667,1.833,1.167,1506.144,4,B,1648.617,1763.59,-92.047,4.0,0.00121,0.00888,0.04281,0.12965,0.71109,0.10635,2.14038,Round of 16,Round of 16,4,Knockouts,Knockouts
gold cup,2021,Grenada,Round of 16,1380.23,12,0.583,0.0,1.0,1.0,1418.53,4,D,1569.408,1676.12,-189.178,4.0,5e-05,0.00132,0.01107,0.04112,0.90673,0.0397,2.0277,Round of 16,Round of 16,4,Knockouts,Knockouts
uefa euro,2021,Belgium,Quarter-Finalist,1932.21,12,0.792,1.667,2.583,0.917,1704.868,3,B,1758.33,1932.21,173.88,1.0,0.29756,0.1701,0.19896,0.2356,0.04457,0.05323,4.280870000000001,Champion,Quarter-Finalist,0,Knockouts,Deep Run
uefa euro,2021,Spain,Semi-Finalist,1912.76,12,0.708,1.417,1.917,0.5,1696.334,2,E,1742.5,1912.76,170.26,1.0,0.26725,0.17432,0.15698,0.29856,0.03344,0.06945,4.1350299999999995,Runner-up,Semi-Finalist,1,Deep Run,Deep Run
uefa euro,2021,Netherlands,Round of 16,1820.58,12,0.583,0.917,1.917,1.0,1647.277,4,C,1698.688,1820.58,121.892,1.0,0.23572,0.16331,0.2237,0.2368,0.07095,0.06952,4.047490000000001,Semi-Finalist,Round of 16,2,Knockouts,Deep Run
uefa euro,2021,England,Runner-up,1887.08,12,0.792,1.5,1.917,0.417,1649.288,1,D,1730.155,1887.08,156.925,1.0,0.233,0.13692,0.14976,0.32563,0.0646,0.09008,3.87781,Semi-Finalist,Runner-up,2,Deep Run,Deep Run
uefa euro,2021,France,Round of 16,1931.24,12,0.833,1.583,2.333,0.75,1698.327,4,F,1817.438,1931.24,113.803,1.0,0.12591,0.1221,0.14072,0.18444,0.10953,0.3173,3.01852,Quarter-Finalist,Round of 16,3,Knockouts,Knockouts
uefa euro,2021,Ukraine,Quarter-Finalist,1729.86,12,0.417,-0.667,1.083,1.75,1706.129,3,C,1698.688,1820.58,31.172,2.0,0.0522,0.13246,0.15098,0.27255,0.21754,0.17427,3.0064200000000003,Quarter-Finalist,Quarter-Finalist,3,Knockouts,Knockouts
uefa euro,2021,Denmark,Semi-Finalist,1824.34,12,0.833,2.083,2.583,0.5,1659.281,2,B,1758.33,1932.21,66.01,2.0,0.03191,0.09497,0.20378,0.31442,0.19132,0.16361,2.9709399999999997,Quarter-Finalist,Semi-Finalist,3,Deep Run,Knockouts
uefa euro,2021,Italy,Champion,1866.17,12,0.917,2.667,2.75,0.083,1545.159,0,A,1765.515,1866.17,100.655,1.0,0.09984,0.07443,0.19376,0.20747,0.17772,0.24678,2.97086,Quarter-Finalist,Champion,3,Deep Run,Knockouts
uefa euro,2021,Croatia,Round of 16,1732.04,12,0.417,-0.083,1.5,1.583,1680.603,4,D,1730.155,1887.08,1.885,2.0,0.01763,0.10264,0.20358,0.22026,0.24831,0.20759,2.79829,Round of 16,Round of 16,4,Knockouts,Knockouts
uefa euro,2021,Switzerland,Quarter-Finalist,1783.51,12,0.625,1.0,2.167,1.167,1703.692,3,A,1765.515,1866.17,17.995,2.0,0.02858,0.10188,0.17246,0.184,0.22109,0.29198,2.65688,Round of 16,Quarter-Finalist,4,Knockouts,Knockouts
uefa euro,2021,Sweden,Round of 16,1747.64,12,0.583,0.083,1.417,1.333,1691.212,4,E,1742.5,1912.76,5.14,2.0,0.01157,0.07497,0.12996,0.23121,0.31489,0.2374,2.52492,Round of 16,Round of 16,4,Knockouts,Knockouts
uefa euro,2021,Poland,Group Stage,1699.8,12,0.583,0.75,1.917,1.167,1671.272,5,E,1742.5,1912.76,-42.7,3.0,0.00359,0.04696,0.12446,0.21318,0.37713,0.23469,2.38267,Round of 16,Group Stage,4,Group Stage,Knockouts
uefa euro,2021,Austria,Round of 16,1681.42,12,0.625,0.25,1.417,1.167,1604.643,4,C,1698.688,1820.58,-17.267,3.0,0.00882,0.03303,0.06649,0.22875,0.44167,0.22124,2.27486,Round of 16,Round of 16,4,Knockouts,Knockouts
uefa euro,2021,Portugal,Round of 16,1885.58,12,0.75,1.583,2.083,0.5,1670.52,4,F,1817.438,1931.24,68.142,2.0,0.03977,0.07082,0.08981,0.19756,0.11681,0.48523,2.26349,Round of 16,Round of 16,4,Knockouts,Knockouts
uefa euro,2021,Czech Republic,Quarter-Finalist,1674.35,12,0.542,0.25,1.5,1.25,1621.718,3,D,1730.155,1887.08,-55.805,3.0,0.00262,0.02867,0.07953,0.17267,0.44934,0.26717,2.16105,Round of 16,Quarter-Finalist,4,Knockouts,Knockouts
uefa euro,2021,North Macedonia,Group Stage,1562.89,12,0.667,0.917,2.0,1.083,1500.438,5,C,1698.688,1820.58,-135.797,4.0,0.00023,0.00397,0.02636,0.06243,0.75612,0.15089,1.97709,Round of 16,Group Stage,4,Group Stage,Knockouts
uefa euro,2021,Germany,Round of 16,1828.57,12,0.667,0.583,2.167,1.583,1685.389,4,F,1817.438,1931.24,11.132,3.0,0.01463,0.04082,0.06468,0.13927,0.26523,0.47537,1.9742400000000002,Group Stage,Round of 16,5,Knockouts,Group Stage
uefa euro,2021,Turkey,Group Stage,1702.83,12,0.667,0.583,2.167,1.583,1607.497,5,A,1765.515,1866.17,-62.685,4.0,0.00245,0.0129,0.03597,0.10173,0.51776,0.32918,1.89297,Group Stage,Group Stage,5,Group Stage,Group Stage
uefa euro,2021,Scotland,Group Stage,1627.15,12,0.625,0.5,1.25,0.75,1580.974,5,D,1730.155,1887.08,-103.005,4.0,0.00042,0.00838,0.02539,0.13714,0.505,0.32365,1.8910500000000001,Group Stage,Group Stage,5,Group Stage,Group Stage
uefa euro,2021,Russia,Group Stage,1667.4,12,0.5,-0.25,1.25,1.5,1568.142,5,B,1758.33,1932.21,-90.93,3.0,0.00064,0.01034,0.0404,0.08454,0.53461,0.32947,1.86945,Group Stage,Group Stage,5,Group Stage,Group Stage
uefa euro,2021,Finland,Group Stage,1609.37,12,0.5,-0.25,1.25,1.5,1659.312,5,B,1758.33,1932.21,-148.96,4.0,0.00015,0.00822,0.0269,0.07991,0.56987,0.31495,1.84402,Group Stage,Group Stage,5,Group Stage,Group Stage
uefa euro,2021,Slovakia,Group Stage,1609.8,12,0.5,-0.083,0.917,1.0,1541.867,5,E,1742.5,1912.76,-132.7,4.0,0.00016,0.00471,0.01822,0.08672,0.51261,0.37757,1.76034,Group Stage,Group Stage,5,Group Stage,Group Stage
uefa euro,2021,Wales,Round of 16,1709.55,12,0.625,-0.083,0.75,0.833,1705.603,4,A,1765.515,1866.17,-55.965,3.0,0.00208,0.02125,0.0228,0.13081,0.26985,0.55321,1.6952699999999998,Group Stage,Round of 16,5,Knockouts,Group Stage
uefa euro,2021,Hungary,Group Stage,1624.36,12,0.75,1.0,1.833,0.833,1536.521,5,F,1817.438,1931.24,-193.078,4.0,2e-05,0.00094,0.00589,0.01628,0.53368,0.4432,1.5877800000000002,Group Stage,Group Stage,5,Group Stage,Group Stage
african cup of nations,2022,Algeria,Group Stage,1827.75,12,0.833,2.083,2.75,0.667,1553.353,5,E,1622.798,1827.75,204.952,1.0,0.38251,0.09284,0.21393,0.2669,0.03778,0.00604,4.49728,Champion,Group Stage,0,Group Stage,Deep Run
african cup of nations,2022,Senegal,Champion,1756.1,12,0.792,1.083,1.917,0.833,1477.428,0,B,1557.732,1756.1,198.367,1.0,0.4016,0.06172,0.13899,0.32532,0.06724,0.00513,4.38973,Runner-up,Champion,1,Deep Run,Deep Run
african cup of nations,2022,Morocco,Quarter-Finalist,1746.76,12,0.958,2.5,2.75,0.25,1573.748,3,C,1587.028,1746.76,159.733,1.0,0.23309,0.10368,0.24299,0.33006,0.08243,0.00775,4.05169,Semi-Finalist,Quarter-Finalist,2,Knockouts,Deep Run
african cup of nations,2022,Egypt,Runner-up,1712.86,12,0.75,1.167,1.75,0.583,1546.239,1,D,1570.192,1712.86,142.667,1.0,0.25459,0.09819,0.18036,0.35419,0.09918,0.01349,4.014349999999999,Semi-Finalist,Runner-up,2,Deep Run,Deep Run
african cup of nations,2022,Tunisia,Quarter-Finalist,1697.44,12,0.708,1.0,1.667,0.667,1566.472,3,F,1577.898,1697.44,119.543,1.0,0.21849,0.11077,0.19436,0.33411,0.12217,0.0201,3.9090000000000003,Quarter-Finalist,Quarter-Finalist,3,Knockouts,Knockouts
african cup of nations,2022,Cameroon,Semi-Finalist,1684.06,12,0.75,1.083,1.667,0.583,1540.559,2,A,1591.898,1684.06,92.162,1.0,0.15575,0.09114,0.18405,0.31205,0.21741,0.0396,3.53697,Quarter-Finalist,Semi-Finalist,3,Deep Run,Knockouts
african cup of nations,2022,Nigeria,Round of 16,1682.42,12,0.625,0.417,1.083,0.667,1535.24,4,D,1570.192,1712.86,112.227,2.0,0.15406,0.07501,0.10887,0.50424,0.12986,0.02796,3.5352900000000003,Quarter-Finalist,Round of 16,3,Knockouts,Knockouts
african cup of nations,2022,Mali,Round of 16,1656.01,12,0.667,1.0,1.417,0.417,1538.302,4,F,1577.898,1697.44,78.112,2.0,0.09193,0.07744,0.14398,0.46598,0.18158,0.03909,3.3148899999999997,Quarter-Finalist,Round of 16,3,Knockouts,Knockouts
african cup of nations,2022,Ghana,Group Stage,1665.58,12,0.542,0.083,0.917,0.833,1552.167,5,C,1587.028,1746.76,78.553,2.0,0.07667,0.07973,0.13151,0.49328,0.17645,0.04236,3.25981,Round of 16,Group Stage,4,Group Stage,Knockouts
african cup of nations,2022,Burkina Faso,Semi-Finalist,1639.18,12,0.625,0.833,1.417,0.583,1496.028,2,A,1591.898,1684.06,47.283,2.0,0.06587,0.0594,0.1435,0.36374,0.29694,0.07056,3.0218800000000003,Round of 16,Semi-Finalist,4,Deep Run,Knockouts
african cup of nations,2022,Ivory Coast,Round of 16,1693.46,12,0.792,1.167,1.75,0.583,1520.302,4,E,1622.798,1827.75,70.662,2.0,0.02902,0.04812,0.14445,0.42826,0.30922,0.04093,2.93667,Round of 16,Round of 16,4,Knockouts,Knockouts
african cup of nations,2022,Zimbabwe,Group Stage,1486.91,12,0.208,-0.833,0.417,1.25,1545.423,5,B,1557.732,1756.1,-70.822,3.0,0.00283,0.04158,0.14862,0.36151,0.39482,0.05064,2.74417,Round of 16,Group Stage,4,Group Stage,Knockouts
african cup of nations,2022,Guinea,Round of 16,1543.19,12,0.458,-0.583,0.917,1.5,1509.526,4,B,1557.732,1756.1,-14.543,2.0,0.00753,0.03537,0.14702,0.25961,0.52339,0.02708,2.6628000000000003,Round of 16,Round of 16,4,Knockouts,Knockouts
african cup of nations,2022,Cape Verde,Round of 16,1569.8,12,0.583,0.167,1.083,0.917,1534.103,4,A,1591.898,1684.06,-22.098,3.0,0.01244,0.03106,0.07184,0.29725,0.49728,0.09014,2.49375,Round of 16,Round of 16,4,Knockouts,Knockouts
african cup of nations,2022,Malawi,Round of 16,1444.73,12,0.25,-1.167,0.667,1.833,1558.648,4,B,1557.732,1756.1,-113.003,4.0,0.00089,0.01864,0.07816,0.23954,0.6251,0.03766,2.4176599999999997,Round of 16,Round of 16,4,Knockouts,Knockouts
african cup of nations,2022,Gabon,Round of 16,1495.37,12,0.417,-0.25,1.167,1.417,1524.282,4,C,1587.028,1746.76,-91.658,3.0,0.00152,0.01933,0.09876,0.17014,0.65854,0.05171,2.38002,Round of 16,Round of 16,4,Knockouts,Knockouts
african cup of nations,2022,Guinea-Bissau,Group Stage,1474.58,12,0.458,-0.333,1.167,1.5,1548.228,5,D,1570.192,1712.86,-95.613,3.0,0.00153,0.01886,0.08571,0.15543,0.69881,0.03965,2.3498799999999997,Group Stage,Group Stage,5,Group Stage,Group Stage
african cup of nations,2022,Mauritania,Group Stage,1478.21,12,0.333,-0.917,0.667,1.583,1565.824,5,F,1577.898,1697.44,-99.688,4.0,0.00214,0.02011,0.05535,0.23179,0.61113,0.07948,2.3319,Group Stage,Group Stage,5,Group Stage,Group Stage
african cup of nations,2022,Ethiopia,Group Stage,1474.55,12,0.542,0.417,1.5,1.083,1554.572,5,A,1591.898,1684.06,-117.348,4.0,0.00113,0.01368,0.0542,0.16067,0.69838,0.07195,2.2427,Group Stage,Group Stage,5,Group Stage,Group Stage
african cup of nations,2022,Gambia,Quarter-Finalist,1479.93,12,0.542,0.083,1.083,1.0,1491.595,3,F,1577.898,1697.44,-97.967,3.0,0.0012,0.01155,0.05546,0.14056,0.73198,0.05926,2.23169,Group Stage,Quarter-Finalist,5,Knockouts,Group Stage
african cup of nations,2022,Sudan,Group Stage,1410.91,12,0.25,-1.25,0.833,2.083,1567.012,5,D,1570.192,1712.86,-159.283,4.0,0.0004,0.0112,0.05409,0.11105,0.77871,0.04456,2.20989,Group Stage,Group Stage,5,Group Stage,Group Stage
african cup of nations,2022,Equatorial Guinea,Quarter-Finalist,1496.54,12,0.583,0.083,1.083,1.0,1563.792,3,E,1622.798,1827.75,-126.258,3.0,0.00022,0.00969,0.05231,0.12513,0.75435,0.05831,2.20141,Group Stage,Quarter-Finalist,5,Knockouts,Group Stage
african cup of nations,2022,Sierra Leone,Group Stage,1473.44,12,0.417,-0.25,0.833,1.083,1492.699,5,E,1622.798,1827.75,-149.358,4.0,0.00014,0.00577,0.03682,0.13346,0.73705,0.08676,2.13821,Group Stage,Group Stage,5,Group Stage,Group Stage
african cup of nations,2022,Comoros,Round of 16,1440.4,12,0.625,0.25,1.417,1.167,1497.259,4,C,1587.028,1746.76,-146.627,4.0,0.00015,0.00372,0.02562,0.08371,0.85262,0.03418,2.1125300000000005,Group Stage,Round of 16,5,Knockouts,Group Stage
fifa world cup,2022,Brazil,Quarter-Finalist,2032.93,12,0.875,2.333,2.667,0.333,1771.921,3,H,1817.248,2032.93,215.683,1.0,0.30107,0.20087,0.15237,0.26837,0.01641,0.06091,4.31909,Champion,Quarter-Finalist,0,Knockouts,Deep Run
fifa world cup,2022,Argentina,Champion,1993.29,12,0.917,2.167,2.333,0.167,1712.438,0,C,1774.572,1993.29,218.717,1.0,0.30901,0.15339,0.12511,0.33903,0.02312,0.05035,4.235130000000001,Runner-up,Champion,1,Deep Run,Deep Run
fifa world cup,2022,Netherlands,Quarter-Finalist,1882.8,12,0.875,1.583,2.5,0.917,1666.278,3,A,1771.528,1882.8,111.273,1.0,0.14949,0.1187,0.17516,0.20349,0.16978,0.18338,3.32449,Semi-Finalist,Quarter-Finalist,2,Knockouts,Deep Run
fifa world cup,2022,France,Runner-up,1895.08,12,0.667,1.333,2.25,0.917,1718.179,1,D,1809.817,1895.08,85.263,1.0,0.10752,0.14868,0.17644,0.14681,0.08915,0.33142,3.0444300000000006,Semi-Finalist,Runner-up,2,Deep Run,Deep Run
fifa world cup,2022,England,Quarter-Finalist,1845.6,12,0.583,1.5,2.5,1.0,1613.653,3,B,1783.118,1845.6,62.482,1.0,0.09719,0.10816,0.24288,0.11745,0.1255,0.30882,3.00763,Quarter-Finalist,Quarter-Finalist,3,Knockouts,Knockouts
fifa world cup,2022,Belgium,Group Stage,1877.51,12,0.542,0.5,1.833,1.333,1710.921,5,F,1801.742,1877.51,75.767,1.0,0.11389,0.13959,0.15206,0.12953,0.09649,0.36844,2.93954,Quarter-Finalist,Group Stage,3,Group Stage,Knockouts
fifa world cup,2022,Portugal,Quarter-Finalist,1868.97,12,0.667,1.667,2.167,0.5,1702.359,3,G,1797.548,1868.97,71.422,1.0,0.0808,0.14012,0.17475,0.15394,0.08387,0.36653,2.88049,Quarter-Finalist,Quarter-Finalist,3,Knockouts,Knockouts
fifa world cup,2022,Spain,Round of 16,1928.92,12,0.75,1.0,1.75,0.75,1734.198,4,E,1820.46,1928.92,108.46,1.0,0.10961,0.12637,0.09913,0.18315,0.08343,0.39831,2.8006499999999996,Quarter-Finalist,Round of 16,3,Knockouts,Knockouts
fifa world cup,2022,Uruguay,Group Stage,1866.78,12,0.625,0.75,1.583,0.833,1773.338,5,G,1797.548,1868.97,69.232,2.0,0.07693,0.12807,0.08006,0.20398,0.07676,0.43419,2.62182,Round of 16,Group Stage,4,Group Stage,Knockouts
fifa world cup,2022,Germany,Group Stage,1846.92,12,0.708,1.75,2.667,0.917,1665.19,5,E,1820.46,1928.92,26.46,2.0,0.02161,0.06878,0.15378,0.13661,0.18863,0.43059,2.3063599999999997,Round of 16,Group Stage,4,Group Stage,Knockouts
fifa world cup,2022,Mexico,Group Stage,1742.07,12,0.542,0.417,1.333,0.917,1683.812,5,C,1774.572,1993.29,-32.503,2.0,0.00241,0.05356,0.12966,0.19987,0.28548,0.32903,2.3005,Round of 16,Group Stage,4,Group Stage,Knockouts
fifa world cup,2022,Serbia,Group Stage,1790.7,12,0.792,1.417,2.333,0.917,1647.587,5,H,1817.248,2032.93,-26.547,2.0,0.00176,0.02925,0.11242,0.12372,0.4153,0.31755,2.1258,Round of 16,Group Stage,4,Group Stage,Knockouts
fifa world cup,2022,Poland,Round of 16,1722.35,12,0.583,0.0,1.333,1.333,1693.267,4,C,1774.572,1993.29,-52.223,3.0,0.00135,0.02971,0.06578,0.185,0.40563,0.31253,2.09856,Round of 16,Round of 16,4,Knockouts,Knockouts
fifa world cup,2022,Ecuador,Group Stage,1777.37,12,0.583,0.167,0.75,0.583,1741.201,5,A,1771.528,1882.8,5.842,2.0,0.01082,0.06686,0.0534,0.20176,0.14049,0.52667,2.0257500000000004,Round of 16,Group Stage,4,Group Stage,Knockouts
fifa world cup,2022,Switzerland,Round of 16,1780.41,12,0.5,0.167,1.417,1.25,1732.365,4,H,1817.248,2032.93,-36.837,3.0,0.00203,0.04382,0.07753,0.18614,0.21997,0.47052,2.01028,Round of 16,Round of 16,4,Knockouts,Knockouts
fifa world cup,2022,Denmark,Group Stage,1834.05,12,0.667,0.833,1.833,1.0,1679.457,5,D,1809.817,1895.08,24.233,2.0,0.02107,0.05336,0.07231,0.1272,0.17771,0.54833,1.96781,Round of 16,Group Stage,4,Group Stage,Knockouts
fifa world cup,2022,Croatia,Semi-Finalist,1816.04,12,0.792,0.917,1.833,0.917,1678.326,2,F,1801.742,1877.51,14.297,2.0,0.01453,0.03872,0.05219,0.11618,0.25475,0.52363,1.8712099999999998,Group Stage,Semi-Finalist,5,Deep Run,Group Stage
fifa world cup,2022,Iran,Group Stage,1815.75,12,0.667,0.417,1.167,0.75,1658.52,5,B,1783.118,1845.6,32.632,2.0,0.02523,0.04198,0.03974,0.14106,0.15791,0.59409,1.8533300000000001,Group Stage,Group Stage,5,Group Stage,Group Stage
fifa world cup,2022,Senegal,Round of 16,1746.92,12,0.667,0.667,1.583,0.917,1603.225,4,A,1771.528,1882.8,-24.607,3.0,0.00472,0.02052,0.04143,0.13898,0.32383,0.47052,1.83176,Group Stage,Round of 16,5,Knockouts,Group Stage
fifa world cup,2022,United States,Round of 16,1786.14,12,0.583,0.833,1.5,0.667,1655.257,4,B,1783.118,1845.6,3.023,3.0,0.0144,0.0375,0.04346,0.15646,0.13818,0.60999,1.80347,Group Stage,Round of 16,5,Knockouts,Group Stage
fifa world cup,2022,South Korea,Round of 16,1791.96,12,0.667,0.583,1.75,1.167,1690.022,4,G,1797.548,1868.97,-5.588,3.0,0.01137,0.03428,0.04181,0.12915,0.22548,0.55792,1.80319,Group Stage,Round of 16,5,Knockouts,Group Stage
fifa world cup,2022,Qatar,Group Stage,1679.02,12,0.708,0.917,1.583,0.667,1632.948,5,A,1771.528,1882.8,-92.507,4.0,0.00064,0.0094,0.0208,0.1075,0.38205,0.47962,1.7002599999999999,Group Stage,Group Stage,5,Group Stage,Group Stage
fifa world cup,2022,Japan,Round of 16,1770.25,12,0.625,1.167,1.917,0.75,1695.054,4,E,1820.46,1928.92,-50.21,3.0,0.00238,0.02767,0.05154,0.10401,0.19534,0.61906,1.6805600000000003,Group Stage,Round of 16,5,Knockouts,Group Stage
fifa world cup,2022,Saudi Arabia,Group Stage,1640.58,12,0.5,0.0,0.5,0.5,1664.089,5,C,1774.572,1993.29,-133.993,4.0,9e-05,0.00835,0.01853,0.13647,0.30889,0.52767,1.6712700000000003,Group Stage,Group Stage,5,Group Stage,Group Stage
fifa world cup,2022,Wales,Group Stage,1684.98,12,0.458,0.167,1.417,1.25,1733.314,5,B,1783.118,1845.6,-98.138,4.0,0.00157,0.02298,0.03108,0.09819,0.22611,0.62007,1.6155,Group Stage,Group Stage,5,Group Stage,Group Stage
fifa world cup,2022,Cameroon,Group Stage,1664.95,12,0.542,0.083,1.083,1.0,1634.866,5,H,1817.248,2032.93,-152.297,4.0,5e-05,0.00423,0.01493,0.06139,0.39077,0.52864,1.57552,Group Stage,Group Stage,5,Group Stage,Group Stage
fifa world cup,2022,Morocco,Semi-Finalist,1760.96,12,0.708,0.833,1.75,0.917,1588.492,2,F,1801.742,1877.51,-40.783,3.0,0.00279,0.01118,0.02438,0.07257,0.29333,0.59575,1.57028,Group Stage,Semi-Finalist,5,Deep Run,Group Stage
fifa world cup,2022,Canada,Group Stage,1752.46,12,0.625,1.0,1.75,0.75,1643.498,5,F,1801.742,1877.51,-49.283,4.0,0.00267,0.01489,0.02374,0.10984,0.19181,0.65704,1.5556100000000002,Group Stage,Group Stage,5,Group Stage,Group Stage
fifa world cup,2022,Australia,Round of 16,1756.12,12,0.583,0.417,1.25,0.833,1656.363,4,D,1809.817,1895.08,-53.697,3.0,0.00194,0.01487,0.02247,0.07662,0.1833,0.70079,1.47312,Group Stage,Round of 16,5,Knockouts,Group Stage
fifa world cup,2022,Costa Rica,Group Stage,1735.75,12,0.833,0.833,1.333,0.5,1679.921,5,E,1820.46,1928.92,-84.71,4.0,0.00036,0.00536,0.00755,0.07104,0.26559,0.65011,1.45357,Group Stage,Group Stage,5,Group Stage,Group Stage
fifa world cup,2022,Tunisia,Group Stage,1754.02,12,0.667,0.667,1.25,0.583,1661.513,5,D,1809.817,1895.08,-55.797,4.0,0.00133,0.00951,0.01153,0.09323,0.16754,0.71687,1.43329,Group Stage,Group Stage,5,Group Stage,Group Stage
fifa world cup,2022,Ghana,Group Stage,1662.48,12,0.458,-0.167,1.0,1.167,1638.721,5,G,1797.548,1868.97,-135.068,4.0,0.00028,0.00532,0.01057,0.04273,0.24465,0.69646,1.3845100000000001,Group Stage,Group Stage,5,Group Stage,Group Stage
gold cup,2023,Canada,Quarter-Finalist,1743.49,12,0.458,0.0,1.417,1.417,1700.137,3,D,1574.77,1743.49,168.72,1.0,0.38558,0.18277,0.16844,0.23804,0.02058,0.0046,4.66097,Champion,Quarter-Finalist,0,Knockouts,Deep Run
gold cup,2023,United States,Semi-Finalist,1797.67,12,0.625,0.833,1.5,0.667,1719.023,2,A,1581.615,1797.67,216.055,1.0,0.38756,0.16784,0.12033,0.31189,0.00961,0.00277,4.60354,Runner-up,Semi-Finalist,1,Deep Run,Deep Run
gold cup,2023,Mexico,Champion,1759.53,12,0.583,0.333,1.417,1.083,1691.106,0,B,1633.928,1759.53,125.602,1.0,0.25401,0.1845,0.17655,0.28989,0.06531,0.02975,4.1828,Semi-Finalist,Champion,2,Deep Run,Deep Run
gold cup,2023,Costa Rica,Quarter-Finalist,1687.65,12,0.5,-0.583,1.083,1.667,1694.942,3,C,1596.41,1687.65,91.24,1.0,0.23627,0.1825,0.17472,0.25407,0.12369,0.02875,4.06734,Semi-Finalist,Quarter-Finalist,2,Knockouts,Deep Run
gold cup,2023,Panama,Runner-up,1670.92,12,0.458,-0.167,1.0,1.167,1669.035,1,C,1596.41,1687.65,74.51,2.0,0.15903,0.15364,0.14342,0.3891,0.10972,0.04508,3.72788,Quarter-Finalist,Runner-up,3,Deep Run,Knockouts
gold cup,2023,Guatemala,Quarter-Finalist,1587.97,12,0.458,0.0,1.25,1.25,1594.562,3,D,1574.77,1743.49,13.2,2.0,0.0223,0.08638,0.22965,0.34987,0.28113,0.03067,3.12684,Quarter-Finalist,Quarter-Finalist,3,Knockouts,Knockouts
gold cup,2023,Jamaica,Semi-Finalist,1554.13,12,0.375,-0.583,1.0,1.583,1645.789,2,A,1581.615,1797.67,-27.485,2.0,0.00629,0.08119,0.24177,0.29983,0.34344,0.02748,3.02462,Quarter-Finalist,Semi-Finalist,3,Deep Run,Knockouts
gold cup,2023,Qatar,Quarter-Finalist,1628.93,12,0.542,0.0,1.167,1.167,1627.382,3,B,1633.928,1759.53,-4.997,2.0,0.01752,0.07349,0.14685,0.28061,0.38368,0.09785,2.7670100000000004,Quarter-Finalist,Quarter-Finalist,3,Knockouts,Knockouts
gold cup,2023,Martinique,Round of 16,1522.25,12,0.292,-1.167,1.0,2.167,1610.192,4,C,1596.41,1687.65,-74.16,3.0,0.00744,0.04311,0.1126,0.17377,0.58685,0.07623,2.4818299999999995,Round of 16,Round of 16,4,Knockouts,Knockouts
gold cup,2023,Trinidad and Tobago,Round of 16,1533.93,12,0.625,0.667,1.333,0.667,1471.684,4,A,1581.615,1797.67,-47.685,3.0,0.00161,0.01534,0.0874,0.27551,0.58274,0.0374,2.46537,Round of 16,Round of 16,4,Knockouts,Knockouts
gold cup,2023,Haiti,Round of 16,1611.23,12,0.667,0.917,2.417,1.5,1509.705,4,B,1633.928,1759.53,-22.697,3.0,0.00878,0.02357,0.12381,0.16404,0.62665,0.05315,2.4643400000000004,Round of 16,Round of 16,4,Knockouts,Knockouts
gold cup,2023,El Salvador,Round of 16,1504.82,12,0.208,-1.417,0.75,2.167,1635.62,4,C,1596.41,1687.65,-91.59,4.0,0.00559,0.04129,0.08292,0.23761,0.53071,0.10188,2.4478,Round of 16,Round of 16,4,Knockouts,Knockouts
gold cup,2023,Honduras,Round of 16,1536.02,12,0.375,-0.583,0.75,1.333,1664.727,4,B,1633.928,1759.53,-97.908,4.0,0.00204,0.03373,0.06205,0.27792,0.47041,0.15385,2.3575199999999996,Round of 16,Round of 16,4,Knockouts,Knockouts
gold cup,2023,Guadeloupe,Round of 16,1472.85,12,0.417,0.083,1.25,1.167,1464.088,4,D,1574.77,1743.49,-101.92,4.0,0.00095,0.0112,0.06893,0.20742,0.66057,0.05093,2.3317500000000004,Round of 16,Round of 16,4,Knockouts,Knockouts
gold cup,2023,Cuba,Round of 16,1494.77,12,0.625,0.583,1.583,1.0,1480.046,4,D,1574.77,1743.49,-80.0,3.0,0.0011,0.01146,0.07576,0.15472,0.72506,0.0319,2.31312,Round of 16,Round of 16,4,Knockouts,Knockouts
gold cup,2023,Saint Kitts and Nevis,Round of 16,1440.73,12,0.542,0.25,1.5,1.25,1405.364,4,A,1581.615,1797.67,-140.885,4.0,0.00011,0.00268,0.03277,0.08372,0.85538,0.02535,2.13241,Round of 16,Round of 16,4,Knockouts,Knockouts
afc asian cup,2024,Iran,Semi-Finalist,1833.96,12,0.833,2.083,2.75,0.667,1548.738,2,C,1575.742,1833.96,258.217,1.0,0.50595,0.07433,0.15807,0.24719,0.01333,0.00113,4.80899,Champion,Semi-Finalist,0,Deep Run,Deep Run
afc asian cup,2024,Japan,Quarter-Finalist,1832.46,12,0.833,3.0,3.833,0.833,1663.833,3,D,1612.808,1832.46,219.653,1.0,0.35704,0.1351,0.34106,0.1546,0.01114,0.00107,4.669130000000001,Runner-up,Quarter-Finalist,1,Knockouts,Deep Run
afc asian cup,2024,Australia,Quarter-Finalist,1788.93,12,0.625,0.917,1.75,0.833,1727.481,3,B,1606.48,1788.93,182.45,1.0,0.33229,0.19488,0.16468,0.28462,0.01777,0.00577,4.52203,Semi-Finalist,Quarter-Finalist,2,Knockouts,Deep Run
afc asian cup,2024,South Korea,Semi-Finalist,1788.95,12,0.625,1.25,2.083,0.833,1683.853,2,E,1615.25,1788.95,173.7,1.0,0.32348,0.17729,0.21155,0.25834,0.02234,0.00699,4.50022,Semi-Finalist,Semi-Finalist,2,Deep Run,Deep Run
afc asian cup,2024,Qatar,Champion,1605.58,12,0.458,0.333,1.667,1.333,1597.219,0,A,1523.165,1605.58,82.415,1.0,0.21541,0.1496,0.30346,0.22275,0.09979,0.009,4.13113,Quarter-Finalist,Champion,3,Deep Run,Knockouts
afc asian cup,2024,Oman,Group Stage,1670.46,12,0.625,0.167,1.25,1.083,1534.46,5,F,1558.275,1670.46,112.185,1.0,0.24041,0.09246,0.16217,0.31575,0.16822,0.02099,3.85812,Quarter-Finalist,Group Stage,3,Group Stage,Knockouts
afc asian cup,2024,Uzbekistan,Quarter-Finalist,1695.64,12,0.708,0.917,2.0,1.083,1632.425,3,B,1606.48,1788.93,89.16,2.0,0.0754,0.10751,0.21179,0.41409,0.17129,0.01993,3.44189,Quarter-Finalist,Quarter-Finalist,3,Knockouts,Knockouts
afc asian cup,2024,Saudi Arabia,Round of 16,1595.41,12,0.417,0.083,1.333,1.25,1564.305,4,F,1558.275,1670.46,37.135,2.0,0.07164,0.10244,0.23641,0.34573,0.2131,0.03069,3.38176,Quarter-Finalist,Round of 16,3,Knockouts,Knockouts
afc asian cup,2024,Iraq,Round of 16,1655.19,12,0.625,0.833,1.833,1.0,1602.803,4,D,1612.808,1832.46,42.383,2.0,0.01977,0.08136,0.25066,0.38141,0.24084,0.02595,3.17992,Round of 16,Round of 16,4,Knockouts,Knockouts
afc asian cup,2024,China PR,Group Stage,1526.15,12,0.5,0.25,1.25,1.0,1522.023,5,A,1523.165,1605.58,2.985,2.0,0.03719,0.06507,0.18704,0.30688,0.37393,0.02988,2.9950300000000003,Round of 16,Group Stage,4,Group Stage,Knockouts
afc asian cup,2024,United Arab Emirates,Round of 16,1587.29,12,0.667,0.917,1.5,0.583,1519.062,4,C,1575.742,1833.96,11.547,2.0,0.00513,0.03847,0.18881,0.38324,0.36444,0.01991,2.8768800000000003,Round of 16,Round of 16,4,Knockouts,Knockouts
afc asian cup,2024,Jordan,Runner-up,1617.88,12,0.458,-0.667,1.417,2.083,1616.975,1,E,1615.25,1788.95,2.63,2.0,0.01834,0.06978,0.19973,0.22775,0.44537,0.03903,2.87088,Round of 16,Runner-up,4,Deep Run,Knockouts
afc asian cup,2024,Palestine,Round of 16,1535.47,12,0.458,0.333,1.083,0.75,1529.416,4,C,1575.742,1833.96,-40.273,3.0,0.002,0.03167,0.15004,0.41554,0.36956,0.03119,2.7874399999999997,Round of 16,Round of 16,4,Knockouts,Knockouts
afc asian cup,2024,Tajikistan,Quarter-Finalist,1520.48,12,0.583,0.333,1.417,1.083,1497.066,3,A,1523.165,1605.58,-2.685,3.0,0.02651,0.03567,0.1038,0.32638,0.47812,0.02952,2.7175100000000003,Round of 16,Quarter-Finalist,4,Knockouts,Knockouts
afc asian cup,2024,Syria,Round of 16,1492.84,12,0.375,-0.5,1.0,1.5,1571.192,4,B,1606.48,1788.93,-113.64,3.0,0.00075,0.02019,0.09746,0.15876,0.66133,0.06151,2.35574,Round of 16,Round of 16,4,Knockouts,Knockouts
afc asian cup,2024,Thailand,Round of 16,1520.7,12,0.458,-1.083,1.167,2.25,1513.125,4,F,1558.275,1670.46,-37.575,3.0,0.00931,0.01967,0.06845,0.15336,0.71841,0.03079,2.3557,Round of 16,Round of 16,4,Knockouts,Knockouts
afc asian cup,2024,Lebanon,Group Stage,1440.45,12,0.458,0.083,1.083,1.0,1427.402,5,A,1523.165,1605.58,-82.715,4.0,0.00328,0.01149,0.05181,0.2243,0.66302,0.04611,2.3294200000000003,Group Stage,Group Stage,5,Group Stage,Group Stage
afc asian cup,2024,Kyrgyzstan,Group Stage,1446.53,12,0.333,-0.667,1.083,1.75,1534.153,5,F,1558.275,1670.46,-111.745,4.0,0.00178,0.01657,0.06795,0.17547,0.68967,0.04856,2.31964,Group Stage,Group Stage,5,Group Stage,Group Stage
afc asian cup,2024,Vietnam,Group Stage,1522.98,12,0.458,-0.417,0.917,1.333,1530.001,5,D,1612.808,1832.46,-89.827,3.0,0.00071,0.01458,0.07439,0.18181,0.67085,0.05766,2.3195099999999997,Group Stage,Group Stage,5,Group Stage,Group Stage
afc asian cup,2024,Malaysia,Group Stage,1537.07,12,0.792,1.583,2.667,1.083,1469.578,5,E,1615.25,1788.95,-78.18,3.0,0.00078,0.00796,0.08587,0.09242,0.78846,0.02452,2.26666,Group Stage,Group Stage,5,Group Stage,Group Stage
afc asian cup,2024,Bahrain,Round of 16,1517.1,12,0.417,-0.417,0.833,1.25,1503.511,4,E,1615.25,1788.95,-98.15,4.0,0.00087,0.01085,0.04496,0.20706,0.63917,0.09709,2.23592,Group Stage,Round of 16,5,Knockouts,Group Stage
afc asian cup,2024,Indonesia,Round of 16,1440.6,12,0.458,0.0,1.833,1.833,1498.053,4,D,1612.808,1832.46,-172.207,4.0,7e-05,0.00376,0.04755,0.05857,0.86493,0.02512,2.1401099999999995,Group Stage,Round of 16,5,Knockouts,Group Stage
afc asian cup,2024,Hong Kong,Group Stage,1346.25,12,0.333,0.167,1.667,1.5,1411.92,5,C,1575.742,1833.96,-229.493,4.0,1e-05,0.00184,0.05036,0.04216,0.88998,0.01566,2.1328,Group Stage,Group Stage,5,Group Stage,Group Stage
afc asian cup,2024,India,Group Stage,1448.51,12,0.583,0.25,1.167,0.917,1445.549,5,B,1606.48,1788.93,-157.97,4.0,8e-05,0.00252,0.02118,0.0791,0.84513,0.052,2.07736,Group Stage,Group Stage,5,Group Stage,Group Stage
african cup of nations,2024,Morocco,Round of 16,1798.56,12,0.625,0.5,1.25,0.75,1688.761,4,F,1597.14,1798.56,201.42,1.0,0.37546,0.1507,0.11019,0.34024,0.01734,0.00607,4.50849,Champion,Round of 16,0,Knockouts,Deep Run
african cup of nations,2024,Algeria,Group Stage,1821.74,12,0.875,1.583,2.083,0.5,1513.605,5,D,1631.208,1821.74,190.533,1.0,0.33133,0.07317,0.14248,0.35627,0.07949,0.01725,4.1687899999999996,Runner-up,Group Stage,1,Group Stage,Deep Run
african cup of nations,2024,Senegal,Round of 16,1766.02,12,0.708,0.833,1.667,0.833,1590.327,4,C,1622.97,1766.02,143.05,1.0,0.27129,0.11557,0.16793,0.32448,0.0941,0.02664,4.06559,Semi-Finalist,Round of 16,2,Knockouts,Deep Run
african cup of nations,2024,Egypt,Round of 16,1764.39,12,0.875,1.75,2.25,0.5,1531.807,4,B,1610.932,1764.39,153.458,1.0,0.25129,0.08582,0.19047,0.33466,0.11947,0.0183,3.95994,Semi-Finalist,Round of 16,2,Knockouts,Deep Run
african cup of nations,2024,Tunisia,Group Stage,1768.39,12,0.75,1.0,1.583,0.583,1588.148,5,E,1634.585,1768.39,133.805,1.0,0.22551,0.1115,0.15505,0.35379,0.11259,0.04156,3.85887,Quarter-Finalist,Group Stage,3,Group Stage,Knockouts
african cup of nations,2024,Ivory Coast,Champion,1694.16,12,0.75,1.833,2.667,0.833,1497.941,0,A,1597.162,1694.16,96.998,1.0,0.17367,0.08318,0.32105,0.20996,0.19098,0.02117,3.77513,Quarter-Finalist,Champion,3,Deep Run,Knockouts
african cup of nations,2024,Cameroon,Round of 16,1652.51,12,0.458,0.25,1.333,1.083,1638.021,4,C,1622.97,1766.02,29.54,2.0,0.03891,0.12133,0.22564,0.36165,0.19162,0.06085,3.27171,Quarter-Finalist,Round of 16,3,Knockouts,Knockouts
african cup of nations,2024,Nigeria,Runner-up,1625.87,12,0.458,-0.083,1.5,1.583,1546.403,1,A,1597.162,1694.16,28.707,2.0,0.06694,0.07783,0.20149,0.26176,0.33697,0.05501,3.1109800000000005,Quarter-Finalist,Runner-up,3,Deep Run,Knockouts
african cup of nations,2024,Burkina Faso,Round of 16,1661.55,12,0.583,0.25,1.167,0.917,1571.63,4,D,1631.208,1821.74,30.342,2.0,0.01861,0.06214,0.15053,0.38442,0.31487,0.06943,2.87691,Round of 16,Round of 16,4,Knockouts,Knockouts
african cup of nations,2024,Mali,Quarter-Finalist,1686.89,12,0.833,1.583,2.25,0.667,1483.169,3,E,1634.585,1768.39,52.305,2.0,0.03649,0.03908,0.14961,0.28071,0.43346,0.06065,2.78248,Round of 16,Quarter-Finalist,4,Knockouts,Knockouts
african cup of nations,2024,Ghana,Group Stage,1632.11,12,0.542,-0.25,0.917,1.167,1563.573,5,B,1610.932,1764.39,21.178,2.0,0.02357,0.05738,0.12379,0.33946,0.38315,0.07265,2.7808100000000002,Round of 16,Group Stage,4,Group Stage,Knockouts
african cup of nations,2024,Cape Verde,Quarter-Finalist,1581.94,12,0.458,-0.25,1.0,1.25,1594.806,3,B,1610.932,1764.39,-28.992,3.0,0.00823,0.04692,0.10931,0.33954,0.41566,0.08033,2.65149,Round of 16,Quarter-Finalist,4,Knockouts,Knockouts
african cup of nations,2024,Zambia,Group Stage,1587.19,12,0.667,0.833,1.833,1.0,1485.702,5,F,1597.14,1798.56,-9.95,2.0,0.00535,0.02709,0.16745,0.21852,0.55142,0.03017,2.62592,Round of 16,Group Stage,4,Group Stage,Knockouts
african cup of nations,2024,Guinea,Quarter-Finalist,1562.73,12,0.5,-0.083,1.333,1.417,1603.289,3,C,1622.97,1766.02,-60.24,3.0,0.00392,0.03486,0.10587,0.22186,0.55536,0.07813,2.4757299999999995,Round of 16,Quarter-Finalist,4,Knockouts,Knockouts
african cup of nations,2024,DR Congo,Semi-Finalist,1529.92,12,0.583,0.5,1.083,0.583,1521.846,2,F,1597.14,1798.56,-67.22,3.0,0.00123,0.01875,0.08316,0.27891,0.55903,0.05892,2.44748,Round of 16,Semi-Finalist,4,Deep Run,Knockouts
african cup of nations,2024,Equatorial Guinea,Round of 16,1569.32,12,0.708,0.333,1.167,0.833,1486.62,4,A,1597.162,1694.16,-27.842,3.0,0.0065,0.01477,0.04263,0.2133,0.64052,0.08228,2.28659,Round of 16,Round of 16,4,Knockouts,Knockouts
african cup of nations,2024,Tanzania,Group Stage,1472.89,12,0.458,-0.333,0.583,0.917,1552.183,5,F,1597.14,1798.56,-124.25,4.0,0.00031,0.01051,0.04046,0.23002,0.64483,0.07387,2.26984,Group Stage,Group Stage,5,Group Stage,Group Stage
african cup of nations,2024,Mauritania,Round of 16,1522.71,12,0.583,0.25,1.083,0.833,1523.674,4,D,1631.208,1821.74,-108.497,3.0,0.00038,0.00988,0.05251,0.14233,0.71283,0.08207,2.19644,Group Stage,Round of 16,5,Knockouts,Group Stage
african cup of nations,2024,South Africa,Semi-Finalist,1578.38,12,0.583,0.083,0.833,0.75,1491.258,2,E,1634.585,1768.39,-56.205,3.0,0.00245,0.01357,0.04368,0.20201,0.58856,0.14973,2.19015,Group Stage,Semi-Finalist,5,Deep Run,Group Stage
african cup of nations,2024,Guinea-Bissau,Group Stage,1499.3,12,0.542,0.0,1.333,1.333,1500.507,5,A,1597.162,1694.16,-97.862,4.0,0.00148,0.00906,0.03699,0.13947,0.7392,0.0738,2.1727499999999997,Group Stage,Group Stage,5,Group Stage,Group Stage
african cup of nations,2024,Angola,Quarter-Finalist,1518.83,12,0.542,0.083,0.917,0.833,1476.073,3,D,1631.208,1821.74,-112.378,4.0,0.00031,0.00581,0.02969,0.16464,0.69637,0.10318,2.13951,Group Stage,Quarter-Finalist,5,Knockouts,Group Stage
african cup of nations,2024,Gambia,Group Stage,1510.62,12,0.5,-0.167,1.083,1.25,1477.233,5,C,1622.97,1766.02,-112.35,4.0,0.00058,0.00626,0.03084,0.12739,0.7386,0.09633,2.11384,Group Stage,Group Stage,5,Group Stage,Group Stage
african cup of nations,2024,Namibia,Round of 16,1504.68,12,0.458,0.0,0.833,0.833,1532.535,4,E,1634.585,1768.39,-129.905,4.0,0.00047,0.00964,0.03609,0.16569,0.62486,0.16325,2.10542,Group Stage,Round of 16,5,Knockouts,Group Stage
african cup of nations,2024,Mozambique,Group Stage,1465.29,12,0.583,0.25,1.417,1.167,1486.659,5,B,1610.932,1764.39,-145.642,4.0,0.00017,0.00397,0.0275,0.08377,0.83059,0.05399,2.09735,Group Stage,Group Stage,5,Group Stage,Group Stage
copa américa,2024,Uruguay,Semi-Finalist,1904.8,12,0.75,1.417,2.167,0.75,1731.284,2,C,1726.675,1904.8,178.125,1.0,0.29732,0.1909,0.16869,0.27517,0.03143,0.03649,4.3380399999999995,Champion,Semi-Finalist,0,Deep Run,Deep Run
copa américa,2024,Argentina,Champion,2015.89,12,0.917,1.583,1.917,0.333,1696.989,0,A,1801.598,2015.89,214.293,1.0,0.29639,0.12517,0.08761,0.34649,0.03482,0.10952,3.97326,Runner-up,Champion,1,Deep Run,Deep Run
copa américa,2024,Brazil,Quarter-Finalist,1953.69,12,0.542,0.333,1.833,1.5,1788.071,3,D,1819.442,1969.25,134.247,2.0,0.20553,0.18512,0.11268,0.23892,0.0417,0.21605,3.62571,Semi-Finalist,Quarter-Finalist,2,Knockouts,Deep Run
copa américa,2024,Colombia,Runner-up,1969.25,12,0.875,1.25,1.917,0.667,1764.622,1,D,1819.442,1969.25,149.807,1.0,0.1721,0.15502,0.1008,0.25634,0.06917,0.24656,3.36482,Semi-Finalist,Runner-up,2,Deep Run,Deep Run
copa américa,2024,Ecuador,Quarter-Finalist,1813.41,12,0.667,0.5,1.25,0.75,1751.373,3,B,1737.61,1813.41,75.8,1.0,0.10535,0.17036,0.1186,0.23816,0.11493,0.2526,3.1552400000000005,Quarter-Finalist,Quarter-Finalist,3,Knockouts,Knockouts
copa américa,2024,United States,Round of 16,1752.18,12,0.583,0.833,2.0,1.167,1713.307,4,C,1726.675,1904.8,25.505,2.0,0.02021,0.12676,0.2468,0.27921,0.20061,0.12641,3.1075199999999996,Quarter-Finalist,Round of 16,3,Knockouts,Knockouts
copa américa,2024,Mexico,Round of 16,1739.65,12,0.458,-0.167,1.583,1.75,1738.148,4,B,1737.61,1813.41,2.04,2.0,0.03598,0.12478,0.15669,0.1709,0.23659,0.27505,2.7274700000000003,Quarter-Finalist,Round of 16,3,Knockouts,Knockouts
copa américa,2024,Panama,Quarter-Finalist,1709.11,12,0.708,1.0,1.833,0.833,1578.374,3,C,1726.675,1904.8,-17.565,3.0,0.00414,0.02623,0.08053,0.23411,0.4425,0.2125,2.2779399999999996,Quarter-Finalist,Quarter-Finalist,3,Knockouts,Knockouts
copa américa,2024,Venezuela,Quarter-Finalist,1730.35,12,0.625,0.417,1.0,0.583,1721.153,3,B,1737.61,1813.41,-7.26,3.0,0.01221,0.05364,0.04304,0.25217,0.18592,0.45302,2.09499,Round of 16,Quarter-Finalist,4,Knockouts,Knockouts
copa américa,2024,Bolivia,Round of 16,1540.61,12,0.167,-1.417,0.75,2.167,1775.879,4,C,1726.675,1904.8,-186.065,4.0,0.00017,0.02647,0.06508,0.10946,0.51771,0.28111,2.0386,Round of 16,Round of 16,4,Knockouts,Knockouts
copa américa,2024,Canada,Semi-Finalist,1731.75,12,0.5,-0.25,1.417,1.667,1682.957,2,A,1801.598,2015.89,-69.848,3.0,0.00093,0.02343,0.06256,0.12115,0.4034,0.38853,1.93175,Round of 16,Semi-Finalist,4,Deep Run,Knockouts
copa américa,2024,Chile,Round of 16,1717.0,12,0.542,0.75,1.583,0.833,1704.914,4,A,1801.598,2015.89,-84.598,4.0,0.00053,0.02287,0.05318,0.18998,0.26962,0.46381,1.9032400000000003,Round of 16,Round of 16,4,Knockouts,Knockouts
copa américa,2024,Peru,Round of 16,1741.75,12,0.458,-0.25,0.833,1.083,1690.522,4,A,1801.598,2015.89,-59.848,2.0,0.00101,0.03274,0.07068,0.12682,0.26311,0.50563,1.8647900000000002,Round of 16,Round of 16,4,Knockouts,Knockouts
copa américa,2024,Jamaica,Round of 16,1667.03,12,0.708,0.5,1.667,1.167,1576.778,4,B,1737.61,1813.41,-70.58,4.0,0.00184,0.00855,0.02012,0.10094,0.52141,0.34714,1.82705,Round of 16,Round of 16,4,Knockouts,Knockouts
copa américa,2024,Costa Rica,Round of 16,1658.42,12,0.542,0.25,2.0,1.75,1625.862,4,D,1819.442,1969.25,-161.023,4.0,9e-05,0.00435,0.02187,0.03343,0.53417,0.40609,1.68449,Round of 16,Round of 16,4,Knockouts,Knockouts
copa américa,2024,Paraguay,Round of 16,1696.41,12,0.375,-0.417,0.5,0.917,1738.771,4,D,1819.442,1969.25,-123.033,3.0,0.00022,0.01407,0.02131,0.06389,0.15829,0.74221,1.40737,Round of 16,Round of 16,4,Knockouts,Knockouts
uefa euro,2024,Belgium,Round of 16,1899.26,12,0.833,1.75,2.25,0.5,1588.058,4,E,1716.062,1899.26,183.198,1.0,0.30553,0.10638,0.16184,0.31542,0.06095,0.04988,4.1304799999999995,Champion,Round of 16,0,Knockouts,Deep Run
uefa euro,2024,Portugal,Quarter-Finalist,1863.33,12,0.833,2.167,3.0,0.833,1547.853,3,F,1721.455,1863.33,141.875,1.0,0.23584,0.09548,0.27599,0.20935,0.12285,0.0605,3.93065,Runner-up,Quarter-Finalist,1,Knockouts,Deep Run
uefa euro,2024,Germany,Quarter-Finalist,1817.96,12,0.5,-0.167,1.333,1.5,1794.99,3,A,1737.87,1817.96,80.09,1.0,0.15953,0.24099,0.1598,0.18965,0.08422,0.16581,3.70453,Semi-Finalist,Quarter-Finalist,2,Knockouts,Deep Run
uefa euro,2024,Spain,Champion,1908.3,12,0.833,2.333,3.083,0.75,1628.429,0,B,1793.205,1908.3,115.095,1.0,0.15243,0.1189,0.26371,0.16916,0.11843,0.17737,3.48563,Semi-Finalist,Champion,2,Deep Run,Deep Run
uefa euro,2024,France,Semi-Finalist,1914.59,12,0.75,2.083,2.917,0.833,1606.604,2,D,1813.712,1914.59,100.877,1.0,0.12544,0.09975,0.23277,0.13693,0.1187,0.28641,3.11707,Quarter-Finalist,Semi-Finalist,3,Deep Run,Knockouts
uefa euro,2024,England,Runner-up,1848.79,12,0.708,1.583,2.25,0.667,1633.773,1,C,1766.597,1848.79,82.193,1.0,0.10959,0.11611,0.19458,0.17788,0.13315,0.2687,3.08505,Quarter-Finalist,Runner-up,3,Deep Run,Knockouts
uefa euro,2024,Ukraine,Group Stage,1754.85,12,0.708,0.75,1.667,0.917,1595.582,5,E,1716.062,1899.26,38.787,2.0,0.01828,0.05546,0.12912,0.29611,0.3364,0.16464,2.6292299999999997,Quarter-Finalist,Group Stage,3,Group Stage,Knockouts
uefa euro,2024,Netherlands,Semi-Finalist,1864.35,12,0.667,1.583,2.583,1.0,1669.797,2,D,1813.712,1914.59,50.637,2.0,0.04573,0.0891,0.16251,0.15922,0.14614,0.39731,2.53717,Quarter-Finalist,Semi-Finalist,3,Deep Run,Knockouts
uefa euro,2024,Italy,Round of 16,1865.67,12,0.708,0.833,1.833,1.0,1689.2,4,B,1793.205,1908.3,72.465,2.0,0.05975,0.08558,0.09272,0.22334,0.15327,0.38534,2.5191800000000004,Round of 16,Round of 16,4,Knockouts,Knockouts
uefa euro,2024,Turkey,Quarter-Finalist,1694.41,12,0.542,0.0,1.583,1.583,1668.286,3,F,1721.455,1863.33,-27.045,3.0,0.00782,0.04892,0.09726,0.21467,0.41202,0.2193,2.36791,Round of 16,Quarter-Finalist,4,Knockouts,Knockouts
uefa euro,2024,Croatia,Group Stage,1862.72,12,0.75,1.25,1.917,0.667,1635.137,5,B,1793.205,1908.3,69.515,3.0,0.04197,0.04719,0.05438,0.26527,0.14489,0.44629,2.23717,Round of 16,Group Stage,4,Group Stage,Knockouts
uefa euro,2024,Czech Republic,Group Stage,1714.22,12,0.792,1.333,2.25,0.917,1485.312,5,F,1721.455,1863.33,-7.235,2.0,0.00596,0.01798,0.09422,0.12232,0.58838,0.17115,2.21741,Round of 16,Group Stage,4,Group Stage,Knockouts
uefa euro,2024,Georgia,Round of 16,1613.86,12,0.542,0.5,2.083,1.583,1622.429,4,F,1721.455,1863.33,-107.595,4.0,0.00087,0.01616,0.06625,0.11773,0.61143,0.18756,2.11463,Round of 16,Round of 16,4,Knockouts,Knockouts
uefa euro,2024,Switzerland,Quarter-Finalist,1754.24,12,0.625,0.667,1.667,1.0,1499.634,3,A,1737.87,1817.96,16.37,2.0,0.02233,0.02762,0.07633,0.13628,0.35332,0.38413,2.07701,Round of 16,Quarter-Finalist,4,Knockouts,Knockouts
uefa euro,2024,Slovakia,Round of 16,1619.83,12,0.708,1.083,2.0,0.917,1493.303,4,E,1716.062,1899.26,-96.233,3.0,0.00037,0.00655,0.04956,0.08248,0.71654,0.1445,2.05823,Round of 16,Round of 16,4,Knockouts,Knockouts
uefa euro,2024,Hungary,Group Stage,1717.55,12,0.75,0.917,1.75,0.833,1554.396,5,A,1737.87,1817.96,-20.32,3.0,0.0067,0.01685,0.03917,0.13845,0.43403,0.3648,1.92934,Round of 16,Group Stage,4,Group Stage,Knockouts
uefa euro,2024,Romania,Round of 16,1590.31,12,0.625,0.583,1.25,0.667,1514.269,4,E,1716.062,1899.26,-125.753,4.0,0.00016,0.0045,0.02213,0.10729,0.62035,0.24557,1.92012,Group Stage,Round of 16,5,Knockouts,Group Stage
uefa euro,2024,Scotland,Group Stage,1661.73,12,0.458,-0.333,1.5,1.833,1643.415,5,A,1737.87,1817.96,-76.14,4.0,0.00342,0.02055,0.04053,0.12143,0.44215,0.37193,1.90591,Group Stage,Group Stage,5,Group Stage,Group Stage
uefa euro,2024,Serbia,Group Stage,1757.06,12,0.583,0.583,1.75,1.167,1585.942,5,C,1766.597,1848.79,-9.537,3.0,0.01181,0.02749,0.05589,0.13992,0.28587,0.47902,1.9023899999999998,Group Stage,Group Stage,5,Group Stage,Group Stage
uefa euro,2024,Denmark,Round of 16,1789.23,12,0.833,1.083,1.75,0.667,1463.347,4,C,1766.597,1848.79,22.633,2.0,0.01175,0.01174,0.03372,0.0971,0.39383,0.45185,1.79489,Group Stage,Round of 16,5,Knockouts,Group Stage
uefa euro,2024,Slovenia,Round of 16,1671.31,12,0.792,1.167,2.0,0.833,1537.03,4,C,1766.597,1848.79,-95.287,4.0,0.00057,0.00421,0.01497,0.06186,0.52816,0.39023,1.71648,Group Stage,Round of 16,5,Knockouts,Group Stage
uefa euro,2024,Austria,Round of 16,1768.49,12,0.792,1.333,2.083,0.75,1668.736,4,D,1813.712,1914.59,-45.223,3.0,0.00222,0.01832,0.0369,0.09473,0.30367,0.54416,1.68821,Group Stage,Round of 16,5,Knockouts,Group Stage
uefa euro,2024,Albania,Group Stage,1536.13,12,0.708,1.0,1.667,0.667,1471.752,5,B,1793.205,1908.3,-257.075,4.0,0.0,0.00034,0.00385,0.00837,0.65702,0.33041,1.6866600000000003,Group Stage,Group Stage,5,Group Stage,Group Stage
uefa euro,2024,Poland,Group Stage,1707.42,12,0.708,0.917,1.75,0.833,1508.87,5,D,1813.712,1914.59,-106.293,4.0,0.00024,0.00228,0.00893,0.03788,0.36325,0.58741,1.47611,Group Stage,Group Stage,5,Group Stage,Group Stage
gold cup,2025,Canada,Quarter-Finalist,1786.78,12,0.667,0.417,1.417,1.0,1733.25,3,D,1592.845,1786.78,193.935,1.0,0.36808,0.17223,0.11789,0.31587,0.02097,0.00495,4.535690000000001,Champion,Quarter-Finalist,0,Knockouts,Deep Run
gold cup,2025,Panama,Quarter-Finalist,1714.27,12,0.375,-1.0,1.083,2.083,1739.789,3,C,1617.03,1714.27,97.24,1.0,0.28186,0.22577,0.18671,0.2025,0.07745,0.02571,4.354959999999999,Runner-up,Quarter-Finalist,1,Knockouts,Deep Run
gold cup,2025,Mexico,Champion,1767.8,12,0.667,0.75,1.417,0.667,1712.744,0,A,1620.442,1767.8,147.358,1.0,0.25104,0.18923,0.15228,0.34668,0.04247,0.01831,4.204799999999999,Semi-Finalist,Champion,2,Deep Run,Deep Run
gold cup,2025,United States,Runner-up,1674.21,12,0.458,0.0,1.417,1.417,1712.453,1,B,1623.815,1674.21,50.395,1.0,0.14793,0.21482,0.24729,0.20431,0.13115,0.0545,3.8805700000000005,Semi-Finalist,Runner-up,2,Deep Run,Deep Run
gold cup,2025,Costa Rica,Quarter-Finalist,1677.31,12,0.583,1.0,2.0,1.0,1641.063,3,A,1620.442,1767.8,56.868,2.0,0.05949,0.12861,0.27143,0.35037,0.15651,0.0336,3.48344,Quarter-Finalist,Quarter-Finalist,3,Knockouts,Knockouts
gold cup,2025,Honduras,Semi-Finalist,1591.35,12,0.625,0.917,2.333,1.417,1574.293,2,D,1592.845,1786.78,-1.495,2.0,0.00981,0.05472,0.29744,0.21401,0.40686,0.01716,2.99513,Quarter-Finalist,Semi-Finalist,3,Deep Run,Knockouts
gold cup,2025,Saudi Arabia,Quarter-Finalist,1629.72,12,0.542,0.25,1.25,1.0,1613.246,3,B,1623.815,1674.21,5.905,3.0,0.04426,0.06885,0.09336,0.34828,0.30598,0.13926,2.7793099999999997,Quarter-Finalist,Quarter-Finalist,3,Knockouts,Knockouts
gold cup,2025,Haiti,Round of 16,1643.08,12,0.833,2.417,3.5,1.083,1406.602,4,B,1623.815,1674.21,19.265,2.0,0.03778,0.02508,0.22654,0.10658,0.56569,0.03834,2.7477,Quarter-Finalist,Round of 16,3,Knockouts,Knockouts
gold cup,2025,Jamaica,Round of 16,1631.64,12,0.625,0.417,1.417,1.0,1556.637,4,C,1617.03,1714.27,14.61,2.0,0.03103,0.05631,0.13261,0.27258,0.42097,0.0865,2.74435,Round of 16,Round of 16,4,Knockouts,Knockouts
gold cup,2025,Guatemala,Semi-Finalist,1575.62,12,0.542,0.167,1.5,1.333,1580.963,2,C,1617.03,1714.27,-41.41,3.0,0.00923,0.03762,0.10275,0.22645,0.53608,0.08786,2.49385,Round of 16,Semi-Finalist,4,Deep Run,Knockouts
gold cup,2025,Suriname,Round of 16,1540.12,12,0.667,1.167,2.0,0.833,1509.512,4,A,1620.442,1767.8,-80.322,3.0,0.00134,0.01494,0.09508,0.14979,0.68061,0.05824,2.33189,Round of 16,Round of 16,4,Knockouts,Knockouts
gold cup,2025,El Salvador,Round of 16,1518.13,12,0.708,0.667,1.5,0.833,1440.748,4,D,1592.845,1786.78,-74.715,3.0,0.00066,0.00658,0.04843,0.13651,0.77246,0.03537,2.2204,Round of 16,Round of 16,4,Knockouts,Knockouts
gold cup,2025,Trinidad and Tobago,Round of 16,1548.25,12,0.5,0.25,1.917,1.667,1503.155,4,B,1623.815,1674.21,-75.565,4.0,0.00554,0.01513,0.06153,0.13364,0.68029,0.10388,2.22039,Round of 16,Round of 16,4,Knockouts,Knockouts
gold cup,2025,Guadeloupe,Round of 16,1546.59,12,0.708,1.167,1.667,0.5,1445.378,4,C,1617.03,1714.27,-70.44,4.0,0.00194,0.00801,0.03621,0.1856,0.66126,0.10697,2.18282,Round of 16,Round of 16,4,Knockouts,Knockouts
gold cup,2025,Curaçao,Round of 16,1475.12,12,0.708,1.417,2.333,0.917,1379.635,4,D,1592.845,1786.78,-117.725,4.0,0.00019,0.0028,0.04266,0.08439,0.84676,0.0232,2.15567,Round of 16,Round of 16,4,Knockouts,Knockouts
gold cup,2025,Dominican Republic,Round of 16,1496.54,12,0.792,2.25,3.167,0.917,1397.893,4,A,1620.442,1767.8,-123.902,4.0,0.00024,0.00308,0.05575,0.05952,0.8552,0.0262,2.1550000000000002,Round of 16,Round of 16,4,Knockouts,Knockouts
