tournament,year,start_date,end_date,confederation,continent
afc asian cup,1956,1956-09-01,1956-09-15,afc,asia
afc asian cup,1960,1960-10-14,1960-10-23,afc,asia
afc asian cup,1964,1964-05-26,1964-06-03,afc,asia
afc asian cup,1968,1968-05-10,1968-05-19,afc,asia
afc asian cup,1972,1972-05-07,1972-05-19,afc,asia
afc asian cup,1976,1976-06-03,1976-06-13,afc,asia
afc asian cup,1980,1980-09-15,1980-09-30,afc,asia
afc asian cup,1984,1984-12-01,1984-12-16,afc,asia
afc asian cup,1988,1988-12-02,1988-12-18,afc,asia
afc asian cup,1992,1992-10-29,1992-11-08,afc,asia
afc asian cup,1996,1996-12-04,1996-12-21,afc,asia
afc asian cup,2000,2000-10-12,2000-10-29,afc,asia
afc asian cup,2004,2004-07-17,2004-08-07,afc,asia
afc asian cup,2007,2007-07-07,2007-07-29,afc,asia
afc asian cup,2011,2011-01-07,2011-01-29,afc,asia
afc asian cup,2015,2015-01-09,2015-01-31,afc,asia
afc asian cup,2019,2019-01-05,2019-02-01,afc,asia
afc asian cup,2024,2024-01-12,2024-02-10,afc,asia
african cup of nations,1957,1957-02-10,1957-02-16,caf,africa
african cup of nations,1959,1959-05-22,1959-05-29,caf,africa
african cup of nations,1962,1962-01-14,1962-01-21,caf,africa
african cup of nations,1963,1963-11-24,1963-12-01,caf,africa
african cup of nations,1965,1965-11-12,1965-11-21,caf,africa
african cup of nations,1968,1968-01-12,1968-01-21,caf,africa
african cup of nations,1970,1970-02-06,1970-02-16,caf,africa
african cup of nations,1972,1972-02-23,1972-03-05,caf,africa
african cup of nations,1974,1974-03-01,1974-03-14,caf,africa
african cup of nations,1976,1976-02-29,1976-03-14,caf,africa
african cup of nations,1978,1978-03-05,1978-03-16,caf,africa
african cup of nations,1980,1980-03-08,1980-03-22,caf,africa
african cup of nations,1982,1982-03-05,1982-03-19,caf,africa
african cup of nations,1984,1984-03-04,1984-03-18,caf,africa
african cup of nations,1986,1986-03-07,1986-03-21,caf,africa
african cup of nations,1988,1988-03-13,1988-03-27,caf,africa
african cup of nations,1990,1990-03-02,1990-03-16,caf,africa
african cup of nations,1992,1992-01-12,1992-01-26,caf,africa
african cup of nations,1994,1994-03-26,1994-04-10,caf,africa
african cup of nations,1996,1996-01-13,1996-02-03,caf,africa
african cup of nations,1998,1998-02-07,1998-02-28,caf,africa
african cup of nations,2000,2000-01-22,2000-02-13,caf,africa
african cup of nations,2002,2002-01-19,2002-02-10,caf,africa
african cup of nations,2004,2004-01-24,2004-02-14,caf,africa
african cup of nations,2006,2006-01-20,2006-02-10,caf,africa
african cup of nations,2008,2008-01-20,2008-02-10,caf,africa
african cup of nations,2010,2010-01-10,2010-01-31,caf,africa
african cup of nations,2012,2012-01-21,2012-02-12,caf,africa
african cup of nations,2013,2013-01-19,2013-02-10,caf,africa
african cup of nations,2015,2015-01-17,2015-02-08,caf,africa
african cup of nations,2017,2017-01-14,2017-02-05,caf,africa
african cup of nations,2019,2019-06-21,2019-07-19,caf,africa
african cup of nations,2022,2022-01-09,2022-02-06,caf,africa
african cup of nations,2024,2024-01-13,2024-02-11,caf,africa
copa américa,1916,1916-07-02,1916-07-17,conmebol,south america
copa américa,1917,1917-09-30,1917-10-14,conmebol,south america
copa américa,1919,1919-05-11,1919-05-29,conmebol,south america
copa américa,1920,1920-09-11,1920-10-03,conmebol,south america
copa américa,1921,1921-10-02,1921-10-30,conmebol,south america
copa américa,1922,1922-09-17,1922-11-06,conmebol,south america
copa américa,1923,1923-10-29,1923-12-02,conmebol,south america
copa américa,1924,1924-10-12,1924-11-02,conmebol,south america
copa américa,1925,1925-11-29,1925-12-25,conmebol,south america
copa américa,1926,1926-10-12,1926-11-03,conmebol,south america
copa américa,1927,1927-10-30,1927-11-27,conmebol,south america
copa américa,1929,1929-11-01,1929-11-17,conmebol,south america
copa américa,1935,1935-01-06,1935-01-27,conmebol,south america
copa américa,1936,1936-12-27,1936-12-30,conmebol,south america
copa américa,1937,1937-01-02,1937-02-01,conmebol,south america
copa américa,1939,1939-01-15,1939-02-12,conmebol,south america
copa américa,1941,1941-02-02,1941-03-04,conmebol,south america
copa américa,1942,1942-01-10,1942-02-07,conmebol,south america
copa américa,1945,1945-01-14,1945-02-28,conmebol,south america
copa américa,1946,1946-01-12,1946-02-10,conmebol,south america
copa américa,1947,1947-11-30,1947-12-31,conmebol,south america
copa américa,1949,1949-04-03,1949-05-11,conmebol,south america
copa américa,1953,1953-02-22,1953-04-01,conmebol,south america
copa américa,1955,1955-02-27,1955-03-30,conmebol,south america
copa américa,1956,1956-01-21,1956-02-15,conmebol,south america
copa américa,1957,1957-03-07,1957-04-06,conmebol,south america
copa américa,1959,1959-03-07,1959-12-25,conmebol,south america
copa américa,1963,1963-03-10,1963-03-31,conmebol,south america
copa américa,1967,1967-01-17,1967-02-02,conmebol,south america
copa américa,1975,1975-07-17,1975-10-28,conmebol,south america
copa américa,1979,1979-07-18,1979-12-11,conmebol,south america
copa américa,1983,1983-08-10,1983-11-04,conmebol,south america
copa américa,1987,1987-06-27,1987-07-12,conmebol,south america
copa américa,1989,1989-07-01,1989-07-16,conmebol,south america
copa américa,1991,1991-07-06,1991-07-21,conmebol,south america
copa américa,1993,1993-06-15,1993-07-04,conmebol,south america
copa américa,1995,1995-07-05,1995-07-23,conmebol,south america
copa américa,1997,1997-06-11,1997-06-29,conmebol,south america
copa américa,1999,1999-06-29,1999-07-18,conmebol,south america
copa américa,2001,2001-07-11,2001-07-29,conmebol,south america
copa américa,2004,2004-07-06,2004-07-25,conmebol,south america
copa américa,2007,2007-06-26,2007-07-15,conmebol,south america
copa américa,2011,2011-07-01,2011-07-24,conmebol,south america
copa américa,2015,2015-06-11,2015-07-04,conmebol,south america
copa américa,2016,2016-06-03,2016-06-26,conmebol,south america
copa américa,2019,2019-06-14,2019-07-07,conmebol,south america
copa américa,2021,2021-06-13,2021-07-10,conmebol,south america
copa américa,2024,2024-06-20,2024-07-14,conmebol,south america
fifa world cup,1930,1930-07-13,1930-07-30,world,global
fifa world cup,1934,1934-05-27,1934-06-10,world,global
fifa world cup,1938,1938-06-04,1938-06-19,world,global
fifa world cup,1950,1950-06-24,1950-07-16,world,global
fifa world cup,1954,1954-06-16,1954-07-04,world,global
fifa world cup,1958,1958-06-08,1958-06-29,world,global
fifa world cup,1962,1962-05-30,1962-06-17,world,global
fifa world cup,1966,1966-07-11,1966-07-30,world,global
fifa world cup,1970,1970-05-31,1970-06-21,world,global
fifa world cup,1974,1974-06-13,1974-07-07,world,global
fifa world cup,1978,1978-06-01,1978-06-25,world,global
fifa world cup,1982,1982-06-13,1982-07-11,world,global
fifa world cup,1986,1986-05-31,1986-06-29,world,global
fifa world cup,1990,1990-06-08,1990-07-08,world,global
fifa world cup,1994,1994-06-17,1994-07-17,world,global
fifa world cup,1998,1998-06-10,1998-07-12,world,global
fifa world cup,2002,2002-05-31,2002-06-30,world,global
fifa world cup,2006,2006-06-09,2006-07-09,world,global
fifa world cup,2010,2010-06-11,2010-07-11,world,global
fifa world cup,2014,2014-06-12,2014-07-13,world,global
fifa world cup,2018,2018-06-14,2018-07-15,world,global
fifa world cup,2022,2022-11-20,2022-12-18,world,global
gold cup,1991,1991-06-28,1991-07-07,concacaf,north & central america
gold cup,1993,1993-07-10,1993-07-25,concacaf,north & central america
gold cup,1996,1996-01-10,1996-01-21,concacaf,north & central america
gold cup,1998,1998-02-01,1998-02-15,concacaf,north & central america
gold cup,2000,2000-02-12,2000-02-27,concacaf,north & central america
gold cup,2002,2002-01-18,2002-02-02,concacaf,north & central america
gold cup,2003,2003-07-12,2003-07-27,concacaf,north & central america
gold cup,2005,2005-07-06,2005-07-24,concacaf,north & central america
gold cup,2007,2007-06-06,2007-06-24,concacaf,north & central america
gold cup,2009,2009-07-03,2009-07-26,concacaf,north & central america
gold cup,2011,2011-06-05,2011-06-25,concacaf,north & central america
gold cup,2013,2013-07-07,2013-07-28,concacaf,north & central america
gold cup,2015,2015-07-07,2015-07-26,concacaf,north & central america
gold cup,2017,2017-07-07,2017-07-26,concacaf,north & central america
gold cup,2019,2019-06-15,2019-07-07,concacaf,north & central america
gold cup,2021,2021-07-10,2021-08-01,concacaf,north & central america
gold cup,2023,2023-06-24,2023-07-16,concacaf,north & central america
gold cup,2025,2025-06-14,2025-07-06,concacaf,north & central america
uefa euro,1960,1960-07-06,1960-07-10,uefa,europe
uefa euro,1964,1964-06-17,1964-06-21,uefa,europe
uefa euro,1968,1968-06-05,1968-06-10,uefa,europe
uefa euro,1972,1972-06-14,1972-06-18,uefa,europe
uefa euro,1976,1976-06-16,1976-06-20,uefa,europe
uefa euro,1980,1980-06-11,1980-06-22,uefa,europe
uefa euro,1984,1984-06-12,1984-06-27,uefa,europe
uefa euro,1988,1988-06-10,1988-06-25,uefa,europe
uefa euro,1992,1992-06-10,1992-06-26,uefa,europe
uefa euro,1996,1996-06-08,1996-06-30,uefa,europe
uefa euro,2000,2000-06-10,2000-07-02,uefa,europe
uefa euro,2004,2004-06-12,2004-07-04,uefa,europe
uefa euro,2008,2008-06-07,2008-06-29,uefa,europe
uefa euro,2012,2012-06-08,2012-07-01,uefa,europe
uefa euro,2016,2016-06-10,2016-07-10,uefa,europe
uefa euro,2021,2021-06-11,2021-07-11,uefa,europe
uefa euro,2024,2024-06-14,2024-07-14,uefa,europe
